0.0,0.0,0.0,0.0,0.0,0.0,0.0,0.0,0.0,0.0,0.135954448154418,0.070900655154141,0.0,0.0,0.0,0.0,0.0,0.0,0.0,0.0,0.0,0.0,0.0,0.0,0.0,0.0,0.0,0.0,0.0,0.0,0.0,0.0,0.0,0.0,0.0,0.0,0.0,0.0,0.0,0.0,0.0,0.0,0.0,0.0,0.0,0.0,0.0,0.0,0.0,0.0,0.0
0.0,0.0,0.0,0.0,0.0,0.0,0.0,0.0,0.0,0.0,0.135954448154418,0.070900655154141,0.0,0.0,0.0,0.0,0.0,0.0,0.0,0.0,0.0,0.0,0.0,0.0,0.0,0.0,0.0,0.0,0.0,0.0,0.0,0.0,0.0,0.0,0.0,0.0,0.0,0.0,0.0,0.0,0.0,0.0,0.0,0.0,0.0,0.0,0.0,0.0,0.0,0.0,0.0
0.0,0.0,0.0,0.0,0.0,0.0,0.0,0.0,0.0,0.0,0.10578882098300614,0.05630225567472175,0.0011277857662535355,0.0011242824588550105,0.0011252634223571823,0.0011278112613944777,0.00113537533140125,0.0011429674663716257,0.0011564133030584835,0.0011683704569622213,0.0011868668122156497,0.0012066744399875427,0.0012296047470782084,0.0012558966919918424,0.0012855276080680133,0.0013188711519717174,0.0013563557264296559,0.0013983499569713035,0.0014453932743971679,0.0014985174373962828,0.001558021194340336,0.0016225027567461534,0.0016997621281237168,0.0017853174272878642,0.0018813496972381817,0.00199235097299867,0.002121829961809193,0.002270557084285027,0.002445066327631545,0.0026544208275499476,0.0029045750063305697,0.0032126719891605276,0.003597396820397918,0.004091620963750595,0.00474723910878526,0.005661076208421445,0.00701376658051418,0.0092298468166746,0.013573582471533572,0.027971283537483207,0.04191285082604251
0.0,0.0,0.0,0.0,0.0,0.0,0.0,0.0,0.0,0.0,0.09110237810696507,0.04853084235199356,0.001020782795997117,0.0010226894673745679,0.0010285194072654634,0.0010359236535657044,0.0010477795948748495,0.0010602323377192735,0.0010777108371143134,0.0010945200156223822,0.0011174950721530052,0.001142050153976303,0.001169834627682509,0.0012012806755911946,0.0012364358468205047,0.001275724344696514,0.0013196684082138136,0.0013687522619552498,0.0014236322798529312,0.0014854449368372437,0.0015549845148642555,0.0016308072231629117,0.0017215693789949835,0.0018212843185348528,0.001936341802322892,0.002067903094617618,0.0022228851753558006,0.0024026696331572637,0.002616460103997457,0.0028731270889378836,0.0031851604236570845,0.0035747748698413623,0.004067841637397291,0.004713480530772378,0.005588769247885465,0.006839876430213604,0.008752976008961163,0.012027775211196046,0.018867255554562184,0.045307618040753936,0.12029410864843715
0.0,0.0,0.0,0.0,0.0,0.0,0.0,0.0,0.0,0.0,0.08119553839771144,0.04324378385741314,0.0009013197428522121,0.0009042393603717153,0.0009106017272217486,0.0009184241220058625,0.0009301417132255948,0.0009425963121477982,0.0009593820659006826,0.0009758241857368392,0.0009977576811804232,0.0010212239539764752,0.0010476652844902336,0.0010775273674463192,0.0011108759438853287,0.0011481110242598056,0.0011897350132223238,0.0012362224902353512,0.0012882083884214208,0.0013467625268806908,0.0014126838693371768,0.0014848384303376753,0.0015711422464890674,0.0016657967109736794,0.0017759758176364077,0.0019015454126845726,0.002050032318992525,0.0022227493585589187,0.002429227138186762,0.002677030042718664,0.002980098625709872,0.0033602451566060445,0.003843445121523914,0.004480101588412213,0.005349461185791808,0.006602198177290492,0.008538305905247866,0.011900245403342323,0.019068873683966404,0.0482646133936662,0.2005564387806198
0.0,0.0,0.0,0.0,0.0,0.0,0.0,0.0,0.0,0.0,0.07416149762247783,0.039481072432039785,0.0008070267867958285,0.0008099392475123469,0.0008159303764196635,0.0008232506828011479,0.0008340477999466341,0.0008455652174571449,0.0008609300768787178,0.0008760587409593321,0.0008961132450945193,0.0009175795045912225,0.0009417438956280091,0.0009690216990984797,0.0009994788368227314,0.0010334804131360987,0.0010714875652779994,0.0011139381902350294,0.0011614163176135264,0.0012148984286864772,0.0012751196018248832,0.0013411274273197958,0.00142005241045955,0.0015065811166112078,0.0016075716601990535,0.001722557224004484,0.0018586951834578605,0.0020171777181804034,0.0022069708127177537,0.002434713845466464,0.002713786560547311,0.0030643345265361347,0.0035105368443925917,0.004099599618523973,0.00490582542744417,0.006070556187809294,0.00787678506298006,0.011027535511167212,0.017790501804399065,0.04580098630574308,0.26821445844081776
0.0,0.0,0.0,0.0,0.0,0.0,0.0,0.0,0.0,0.0,0.06908219454032037,0.03676135377043349,0.000736067900577097,0.0007387385434725746,0.0007442177759693332,0.0007509131529197286,0.0007607778570352562,0.0007713080753246168,0.0007853429986805791,0.0007991726821259739,0.0008174942489222334,0.0008371088105973128,0.0008591883147296606,0.0008841129181223672,0.0009119437834706452,0.0009430146729290131,0.0009777474597420126,0.0010165430605247308,0.0010599361164722828,0.0011088195873625167,0.001163862571553882,0.001224215463822886,0.0012963718927237484,0.0013754793726026783,0.0014678512048011312,0.0015730070446407878,0.0016975377195137446,0.0018425271505402407,0.0020162258912279824,0.0022246450717505364,0.002480137615916723,0.002801155179302766,0.00320988389636789,0.00374968654709157,0.004488844526565811,0.005557244514062668,0.00721529289658591,0.010110444487756892,0.016334091556886025,0.04221594227298125,0.3209980602002779
0.0,0.0,0.0,0.0,0.0,0.0,0.0,0.0,0.0,0.0,0.06538895913639337,0.03478287214656666,0.0006834623067684889,0.0006858740791650285,0.0006908954809249743,0.0006970440369134133,0.0007061365819141304,0.0007158393161748249,0.000728800050320161,0.0007415610608620653,0.0007584895749411519,0.0007766133847631652,0.0007970206360088356,0.0008200613252251396,0.0008457913552548604,0.0008745194944593862,0.0009066356676510639,0.0009425101264314931,0.000982637046847942,0.0010278428549926036,0.0010787418864755883,0.0011345476999289842,0.0012012679022463868,0.001274423520077747,0.0013598170780044494,0.0014570416346158886,0.0015721666979042666,0.0017061901175555684,0.0018667289210586439,0.002059355345270583,0.0022954458725915955,0.0025920436257484275,0.0029696312263721466,0.0034682157356142993,0.004150801339974709,0.00513721770497163,0.0066676490514771414,0.009339141626945461,0.015079813613138131,0.03893880506538797,0.3607997914793661
0.0,0.0,0.0,0.0,0.0,0.0,0.0,0.0,0.0,0.0,0.06269553141882302,0.03333964373441052,0.0006447225155125034,0.0006469155866091419,0.0006515722101300119,0.0006572885965029883,0.0006657839630666269,0.000674843547135055,0.0006869820742468999,0.0006989187374612124,0.0007147830994151762,0.000731767375335634,0.000750898364714843,0.0007725024016106365,0.0007966308970832468,0.0008235735890527997,0.000853695866667372,0.0008873442450760401,0.000924981732489767,0.0009673841183700826,0.0010151233630705534,0.0010674547887912695,0.001130023339791542,0.0011986362583235103,0.0012786819308974776,0.0013698372200301537,0.0014777516318584623,0.0016033575804329672,0.0017537687064970954,0.0019342438734941533,0.00215536355469006,0.0024330793233703603,0.0027865386697496137,0.0032530968123172526,0.003891581347509438,0.004813857465776221,0.006243974729772329,0.00873856364602069,0.014093845582295515,0.03630370255138448,0.3903405326514155
0.0,0.0,0.0,0.0,0.0,0.0,0.0,0.0,0.0,0.0,0.06072869477330327,0.03228561504333466,0.0006162913959578514,0.0006183138633103196,0.0006226928361584717,0.0006280814441861453,0.0006361282692287085,0.0006447036905802942,0.0006562275885898783,0.0006675458186195358,0.0006826154224144169,0.0006987483809544354,0.0007169266036380185,0.0007374585366352013,0.000760392071661434,0.000786002755281225,0.0008146376069049945,0.0008466253059254959,0.0008824054937342623,0.0009227162071014933,0.0009680975706539065,0.0010178338423701735,0.0010773021068934937,0.001142523668403644,0.0012185692990591061,0.0013051880788914048,0.00140770827713386,0.001527013543899097,0.0016698348110675213,0.0018412045089632467,0.0020510911963302963,0.002314625814946512,0.002649946950837908,0.0030923985660491677,0.003697638446836791,0.0045714855215105875,0.005925700340748385,0.008286065292336695,0.013347800686055735,0.034289871414481046,0.41209861692769983
0.0,0.0,0.0,0.0,0.0,0.0,0.0,0.0,0.0,0.0,0.0592916250258475,0.03151543827727767,0.0005954641372657927,0.0005973579499374236,0.0006015299087992412,0.0006066745386275444,0.0006143890426032119,0.0006226053641475037,0.000633674931896874,0.0006445352330622631,0.0006590176195437421,0.0006745214786142184,0.0006919958831118928,0.0007117359854459909,0.0007337870182169029,0.0007584140502549189,0.0007859505121274101,0.0008167118664439504,0.0008511204579902095,0.0008898864529919878,0.0009335263859079812,0.0009813450908317757,0.0010385228090470417,0.0011012391157873894,0.0011743271405933438,0.0012575927603300202,0.0013561241970840047,0.0014707691078287182,0.001607973247514642,0.001772604457540078,0.0019741729631997445,0.0022272014435754687,0.0025490788477988543,0.0029736521336062274,0.0035542190110967437,0.004392096094152107,0.005689878846090084,0.007950320421915222,0.012793125713931926,0.03278559161794028,0.42806415988442803
0.0,0.0,0.0,0.0,0.0,0.0,0.0,0.0,0.0,0.0,0.058241369001816805,0.03095254944528063,0.0005802222794635565,0.0005820205879028371,0.0005860397188567943,0.0005910043805133074,0.0005984743098388692,0.0006064262085904806,0.0006171617874253983,0.0006276851685425565,0.0006417359740375411,0.000656777436987537,0.000673734617122095,0.000692892868432822,0.0007142954478302443,0.0007381997262790629,0.0007649291412786784,0.0007947894276487328,0.0008281902064125901,0.0008658211687503417,0.0009081814862456523,0.0009545908247565442,0.0010100851410310108,0.0010709603730382374,0.0011418739145826965,0.0012226746342893112,0.0013182733510197742,0.0014294912811042113,0.001562563714216464,0.0017222385096951772,0.0019176867841732563,0.002162983469847286,0.0024749650434052945,0.0028863742521270464,0.0034487677155928104,0.004260140360339271,0.005516320809250174,0.007703050886009952,0.012384212396768466,0.03167408924537677,0.4397572410739494
0.0,0.0,0.0,0.0,0.0,0.0,0.0,0.0,0.0,0.0,0.057473725335921585,0.030541120423633102,0.0005690739474454628,0.0005708019010906686,0.0005747087570329911,0.0005795412596868544,0.0005868317915121947,0.0005945896826657117,0.0006050804176308992,0.0006153567011189274,0.0006290911546490059,0.0006437936657118946,0.0006603717365676587,0.000679103528576603,0.0007000308426167476,0.0007234054081213109,0.0007495433354767711,0.0007787432238368312,0.0008114053634328585,0.0008482044403272701,0.000889626889648085,0.0009350031425701341,0.0009892635363034756,0.0010487893183821419,0.0011181086712111106,0.0011971024351310569,0.0012905510323127257,0.0013992563024620294,0.0015292989434707335,0.001685339227855038,0.0018762988775435849,0.002115924367275792,0.002420646650810965,0.002822397625134712,0.0033714552851990317,0.004163375094045033,0.005389014218854913,0.007521613621987001,0.012084018284423622,0.03085718221347201,0.4483130584841083
0.0,0.0,0.0,0.0,0.0,0.0,0.0,0.0,0.0,0.0,0.05691261945512299,0.030240385293008425,0.0005609221020075732,0.0005625984248571676,0.0005664230002196644,0.0005711586706127702,0.000578317834739367,0.0005859336406622926,0.0005962451352953333,0.0006063404896763933,0.0006198433679778939,0.0006342977557751719,0.0006505983193857372,0.0006690179512072374,0.0006895973833750117,0.0007125842160187132,0.0007382891951677737,0.0007670056946482472,0.000799127172846541,0.0008353173330302272,0.0008760532835086715,0.0009206732965525185,0.0009740304465353555,0.001032568434661932,0.001100720711762619,0.0011783916917791088,0.0012702662114730738,0.001377131928151182,0.0015049562579123278,0.0016583354916108537,0.0018460084846532072,0.0020814811806566,0.002380887477813675,0.0027755651782321806,0.0033148554169339576,0.0040925262108232295,0.005295791353339243,0.007388729340350144,0.011864101834419409,0.030258391038377862,0.4545703188393243
0.0,0.0,0.0,0.0,0.0,0.0,0.0,0.0,0.0,0.0,0.056502472928258565,0.03002055854904772,0.0005549622645995906,0.0005566007703806097,0.000560365121646279,0.0005650299246261608,0.0005720929746713134,0.0005796048180596369,0.000589785192386478,0.0005997481765688298,0.0006130816548218993,0.0006273545358175448,0.0006434521023611461,0.0006616433911116106,0.0006819683513255363,0.0007046715626472786,0.00073005984672562,0.0007584227542925163,0.0007901487455869685,0.0008258934902898974,0.0008661272727080818,0.0009101940863607563,0.0009628905064831267,0.0010207059219811826,0.0010880044318083608,0.001164707757520943,0.0012554307646041169,0.0013609507363597825,0.001487152178086254,0.0016385846269458663,0.0018238530557509324,0.00205628742161231,0.002351804246575315,0.002741306545066524,0.0032734497990630105,0.00404069384906021,0.005227585762279097,0.007291497260826218,0.01170316747139508,0.02982007038080635,0.4591454091135769
0.0,0.0,0.0,0.0,0.0,0.0,0.0,0.0,0.0,0.0,0.05620266905108095,0.029859871875643568,0.0005506053728379222,0.0005522162065922416,0.0005559365057717555,0.0005605494742524395,0.000567542234279946,0.000574978045289141,0.0005850625361740703,0.0005949287174827388,0.0006081383216091026,0.0006222784747691493,0.0006382276003560604,0.0006562519149757858,0.0006763907949986506,0.000698886611389629,0.0007240433159784323,0.0007521476635883704,0.0007835844593401207,0.0008190034985120172,0.0008588700748443776,0.0009025323600737275,0.000954745621640188,0.0010120326584649366,0.0010787068353576659,0.0011547025537859475,0.0012445834941114072,0.0013491193538389744,0.0014741339932038968,0.001624142779213366,0.0018076527402965186,0.002037865129953538,0.0023305374849091178,0.0027162548053691646,0.003243171065209687,0.0040027892596608975,0.005177705825715446,0.007220386528454555,0.011585460403432394,0.02949943621679299,0.46249013101010084
0.0,0.0,0.0,0.0,0.0,0.0,0.0,0.0,0.0,0.0,0.05598352120274539,0.029742414466563127,0.0005474204428887117,0.0005490110382640081,0.0005526991252417195,0.0005572741918617183,0.0005642155591889687,0.0005715957779651627,0.0005816101662055714,0.000591405570608176,0.0006045246081503366,0.000618567721388938,0.0006344083195444069,0.0006523105572297204,0.0006723133918157097,0.0006946575794838976,0.0007196449738476981,0.0007475602854928242,0.0007787856471379453,0.0008139665592468482,0.0008535646666776173,0.000896931193887987,0.0009487912101998429,0.0010056919414926139,0.001071909652251174,0.001147388023358142,0.0012366533058713908,0.001340469651263208,0.0014646165749356234,0.0016135844684646288,0.0017958087354421662,0.002024396526936078,0.0023149891319387975,0.002697939016673586,0.0032210334473347572,0.003975075762890215,0.005141236041476674,0.007168392608919039,0.011499393847377583,0.029264973072037688,0.46493520471452954
0.0,0.0,0.0,0.0,0.0,0.0,0.0,0.0,0.0,0.0,0.05582333026076849,0.029656556327486216,0.0005450922831783332,0.0005466680807237226,0.0005503326171577937,0.0005548799738951067,0.0005617837697597189,0.0005691233465628005,0.0005790864861714614,0.0005888301482512245,0.0006018829772401865,0.0006158551495154752,0.0006316164090217898,0.0006494294028792271,0.0006693327820923313,0.0006915661223659776,0.0007164297434008133,0.0007442068613087241,0.0007752776551232547,0.0008102844856161512,0.0008496863300638362,0.000892836643839448,0.0009444384210159777,0.001001056744874709,0.001066940754868313,0.0011420409189409908,0.0012308561228997412,0.0013341464638278906,0.0014576590365944168,0.0016058659771584875,0.0017871503218788456,0.0020145504265380804,0.002303622593371883,0.0026845492844198523,0.0032048496674285673,0.003954815565022431,0.005114574235758055,0.0071303811852609315,0.011436471709661424,0.029093553427547124,0.466722553082712
0.0,0.0,0.0,0.0,0.0,0.0,0.0,0.0,0.0,0.0,0.05570623507364749,0.029593796357999032,0.0005433904372953833,0.0005449554164611463,0.0005486027364508163,0.000553129836244961,0.0005600061665621704,0.0005673160330670616,0.0005772417092167885,0.0005869475466506273,0.000599951976373214,0.0006138722898991268,0.000629575551935325,0.0006473233075771728,0.0006671539838499774,0.0006893062935187742,0.0007140794349693951,0.0007417555318208922,0.0007727133349276416,0.00080759290991747,0.0008468512840042819,0.0008898435430962984,0.0009412565443799769,0.0009976684251602874,0.0010633084950603274,0.0011381321847214133,0.0012266183746249052,0.0013295241980567768,0.0014525730492027731,0.001600223719936789,0.001780820963252609,0.0020073528440320283,0.0022953135366188234,0.0026747612238981087,0.0031930190837784057,0.003940005001378121,0.005095083890217417,0.007102593855688437,0.011390473597547678,0.02896823760809471,0.46802908145549826
0.0,0.0,0.0,0.0,0.0,0.0,0.0,0.0,0.0,0.0,0.05562064167154116,0.029547920515497716,0.0005421464245940377,0.0005437034952204726,0.0005473382298319003,0.0005518505216740081,0.0005587067747221629,0.0005659949229952574,0.0005758932135688043,0.0005855714012900299,0.0005985404514620297,0.0006124228565651677,0.0006280837228479745,0.0006457837898218922,0.0006655613207766179,0.0006876543976749303,0.0007123613992266193,0.0007399636504402044,0.0007708388581760417,0.0008056254103302532,0.0008447789086231567,0.000887655630763127,0.0009389306381255188,0.0009951916104386958,0.0010606533614322994,0.0011352749499295267,0.0012235206322724324,0.001326145375234339,0.0014488552476233459,0.001596099287250607,0.0017761942613558927,0.002002091472232077,0.0022892396785568936,0.0026676062144390653,0.0031843709879908685,0.003929178533592742,0.005080836483686851,0.007082281303744081,0.011356848799284846,0.028876630299259028,0.4689841279728127
0.0,0.0,0.0,0.0,0.0,0.0,0.0,0.0,0.0,0.0,0.05555807520891912,0.029514386511576892,0.0005412370812723878,0.0005427883707428081,0.0005464139055449315,0.0005509153729166525,0.0005577569497572412,0.0005650292222811725,0.0005749074944320237,0.0005845654706088792,0.0005975086589042395,0.0006113633535615163,0.0006269932292458365,0.0006446584365957101,0.0006643971192096317,0.0006864468979446315,0.0007111055523398109,0.0007386538236303338,0.0007694686555322678,0.0008041872095485098,0.0008432640453827167,0.0008860563118878767,0.0009372304479495212,0.0009933811086587862,0.0010587125113244715,0.0011331863670951455,0.0012212562421618865,0.0013236755196139867,0.0014461376035640756,0.0015930844019052663,0.0017728122244184095,0.0019982455004402375,0.002284799790314612,0.0026623760185939646,0.0031780493645505335,0.0039212645457779825,0.005070421826827206,0.007067433084718005,0.011332269437341934,0.0288096659882373,0.46968224486221066
0.0,0.0,0.0,0.0,0.0,0.0,0.0,0.0,0.0,0.0,0.055512340813173175,0.029489874058335225,0.0005405723744344563,0.0005421194379490353,0.0005457382478479845,0.0005502318027255888,0.0005570626515526874,0.0005643233192145052,0.0005741869583213885,0.000583830160270372,0.0005967544440860657,0.0006105888829972399,0.0006261961052189327,0.0006438358309345222,0.0006635461162495986,0.0006855642449629068,0.0007101875586322539,0.0007376963717661751,0.000768467070237935,0.0008031359190837023,0.0008421567163136689,0.0008848872475529804,0.0009359876488526838,0.000992057674147586,0.0010572937949288336,0.0011316596612080333,0.0012196010248497987,0.0013218701113047742,0.0014441510670156993,0.0015908805881123733,0.0017703400302853324,0.0019954341792757075,0.002281554328070415,0.002658552857034575,0.0031734283905340555,0.003915479583657815,0.005062808922021625,0.007056579325627969,0.011314302379766649,0.02876071618061335,0.4701925508808794
0.0,0.0,0.0,0.0,0.0,0.0,0.0,0.0,0.0,0.0,0.05547891020299614,0.029471956115421503,0.0005400864911171322,0.0005416304655387878,0.0005452443596801398,0.0005497321307003096,0.0005565551375998991,0.000563807322375366,0.0005736602650768634,0.0005832926674122837,0.0005962031325073489,0.0006100227649538955,0.0006256134280396782,0.0006432345272951042,0.0006629240548700968,0.0006849190481819557,0.0007095165286345616,0.0007369964988092383,0.0007677349368093222,0.000802367452375538,0.0008413472867378602,0.0008840326909805112,0.0009350791939420848,0.0009910902766905832,0.001056256748687492,0.001130543677233362,0.0012183911020871114,0.0013205504024935524,0.001442698957742811,0.0015892696543116668,0.0017685329167622709,0.0019933791718244934,0.0022791819735982354,0.002655758217729862,0.003170050568649905,0.003911250912997517,0.005057244066488903,0.007048645477729221,0.011301168865967296,0.028724934922588735,0.470565571359847
0.0,0.0,0.0,0.0,0.0,0.0,0.0,0.0,0.0,0.0,0.0554544733279678,0.029458858581874085,0.0005397313232999089,0.0005412730396652253,0.0005448833405069977,0.0005493668836689011,0.0005561841583159579,0.0005634301423129082,0.0005732752662132237,0.0005828997743025645,0.0005958001382639815,0.0006096089475608539,0.0006251875063395216,0.0006427949901268322,0.0006624693443225693,0.0006844474262454821,0.0007090260232750206,0.0007364849099815296,0.0007671997663988022,0.0008018057232633203,0.0008407556148126435,0.0008834080323674321,0.0009344151370141724,0.000990383134260876,0.0010554986947604508,0.0011297279218258145,0.0012175066798038592,0.0013195857293845157,0.0014416375032343394,0.00158809210307849,0.0017672119630839035,0.001991877013902489,0.0022774478429463205,0.0026537154074020813,0.003167581466357104,0.003908159861324941,0.005053176296608336,0.00704284603244355,0.011291568591100854,0.028698779684766914,0.47083823948201
0.0,0.0,0.0,0.0,0.0,0.0,0.0,0.0,0.0,0.0,0.05543661063081542,0.029449284637711032,0.0005394717051164224,0.0005410117708985555,0.0005446194451300867,0.0005490998978360292,0.0005559129823552568,0.0005631544337436111,0.000572993842304397,0.0005826125799050648,0.0005955055602018224,0.000609306458059094,0.0006248761689058385,0.000642473700142228,0.0006621369629948482,0.0006841026831351245,0.0007086674768767481,0.0007361109521199573,0.0007668085710174639,0.0008013951141662007,0.0008403231183028229,0.0008829514234510488,0.0009339297289597983,0.0009898662318316518,0.001054944577355278,0.001129131626145439,0.0012168601904289581,0.0013188805787483495,0.0014408616079149754,0.0015872313440763908,0.001766246380622563,0.001990778975844643,0.0022761802388401925,0.002652222166447687,0.003165776616997806,0.00390590038301846,0.005050202862433547,0.007038606787979279,0.01128455103729895,0.028679660871493304,0.4710375526103614
0.0,0.0,0.0,0.0,0.0,0.0,0.0,0.0,0.0,0.0,0.05542355348049682,0.02944228634246318,0.0005392819311889545,0.0005408207904374003,0.0005444265446856755,0.0005489047383494761,0.0005557147599959808,0.0005629528981670566,0.0005727881289661317,0.0005824026484921851,0.0005952902315259025,0.00060908534633061,0.0006246485895738484,0.0006422388457596115,0.0006618940011347611,0.0006838506851400236,0.0007084053890445515,0.0007358375989171371,0.0007665226176451879,0.000801094969882924,0.0008400069749016989,0.0008826176545202292,0.0009335749086230188,0.0009894883899424143,0.0010545395323047794,0.001128695749893926,0.0012163876239166989,0.0013183651324078513,0.0014402944490834835,0.0015866021521390634,0.001765540565508855,0.00198997633919096,0.0022752536538846358,0.0026511306469120064,0.0031644573199359977,0.003904248764174162,0.005048029360635888,0.007035508012112495,0.011279421390124915,0.028665685519125343,0.47118324516685917
0.0,0.0,0.0,0.0,0.0,0.0,0.0,0.0,0.0,0.0,0.055414009055417074,0.0294371707771833,0.0005391432115493714,0.0005406811888534892,0.0005442855396449904,0.0005487620820090452,0.0005555698647772787,0.0005628055810748263,0.0005726377580416919,0.0005822491942677491,0.0005951328320464072,0.0006089237195942082,0.0006244822351921344,0.0006420671735103462,0.0006617164025361827,0.0006836664813683025,0.0007082138098716392,0.0007356377850594485,0.0007663135934004508,0.000800875572461587,0.0008397758825528711,0.0008823736783801792,0.0009333155444677868,0.0009892121976476159,0.0010542434552256923,0.0011283771360305775,0.0012160421904526854,0.0013179883549344377,0.0014398798711595313,0.0015861422296706647,0.0017650246335430555,0.001989389633262139,0.002274576345052465,0.0026503327752982753,0.0031634929490194784,0.0039030414748844017,0.0050464405887958586,0.0070332428895308495,0.011275671754554396,0.028655469907339377,0.4712897425117163
0.0,0.0,0.0,0.0,0.0,0.0,0.0,0.0,0.0,0.0,0.05540703233783752,0.029433431436787207,0.000539041811225825,0.0005405791438521293,0.0005441824687542566,0.0005486578040623792,0.0005554639502705977,0.0005626978962434782,0.0005725278409409079,0.0005821370233573187,0.0005950177772603662,0.0006088055747967663,0.0006243606346128056,0.0006419416857125183,0.0006615865827360177,0.0006835318333638002,0.0007080737706467651,0.0007354917265009572,0.000766160802296159,0.0008007151988435292,0.000839606960256605,0.0008821953383781586,0.0009331259562394919,0.0009890103085007818,0.0010540270308348602,0.0011281442378549668,0.0012157896878682848,0.001317712940719718,0.001439576825828964,0.0015858060386938913,0.0017646475011250922,0.0019889607669740933,0.002274081250470043,0.002649749552552678,0.0031627880197433447,0.0039021589787824485,0.005045279239161727,0.007031587145602091,0.011272930871328253,0.028648002568159376,0.4713675892058717
0.0,0.0,0.0,0.0,0.0,0.0,0.0,0.0,0.0,0.0,0.0554019325452577,0.029430698079703537,0.0005389676903195681,0.0005405045517036548,0.0005441071267081808,0.0005485815796908195,0.0005553865296176378,0.0005626191815307419,0.0005724474944992161,0.0005820550294413358,0.0005949336753088358,0.0006087192141299635,0.0006242717478623448,0.0006418499575098368,0.0006614916879560906,0.0006834334092963054,0.0007079714057421195,0.0007353849616252642,0.0007660491161104857,0.0008005979700441439,0.0008394834826032707,0.0008820649766350808,0.0009329873723453853,0.0009888627329659068,0.0010538688304273071,0.0011279739955535558,0.0012156051152709749,0.0013175116203364336,0.001439355307842548,0.0015855602921308583,0.0017643718274686852,0.0019886472772486815,0.0022737193496407703,0.0026493232324035646,0.003162272735389468,0.0039015138978477186,0.005044430323782656,0.0070303768412658734,0.01127092735928732,0.028642544143564302,0.4714244930435957
0.0,0.0,0.0,0.0,0.0,0.0,0.0,0.0,0.0,0.0,0.05539820473428282,0.029428700069318112,0.0005389135099334296,0.0005404500268521123,0.0005440520537016534,0.0005485258617280903,0.0005553299372053884,0.0005625616431956065,0.0005723887634141228,0.0005819950940968616,0.0005948721990471039,0.0006086560868081504,0.0006242067740413569,0.0006417829066637435,0.0006614223224272481,0.0006833614639532318,0.0007078965797531444,0.0007353069193758659,0.0007659674765159338,0.0008005122789481299,0.0008393932237631878,0.0008819696857106493,0.0009328860712498168,0.000988754859222912,0.0010537531901882871,0.0011278495530141687,0.0012154701976708935,0.0013173644605554513,0.0014391933841571224,0.001585380658007832,0.0017641703174455885,0.0019884181246965353,0.0022734548098740856,0.002649011603847025,0.003161896076392318,0.003901042361041137,0.005043809789479345,0.007029492141353183,0.011269462845869443,0.028638554181925204,0.47146608821648883
0.0,0.0,0.0,0.0,0.0,0.0,0.0,0.0,0.0,0.0,0.055395479804896404,0.029427239577557347,0.000538873905530657,0.0005404101706543945,0.0005440117968173946,0.0005484851333982073,0.0005552885696764479,0.0005625195842225008,0.0005723458325729126,0.0005819512829744656,0.0005948272615556827,0.000608609942436265,0.0006241592799282935,0.000641733894301255,0.0006613716180939961,0.0006833088738452412,0.0007078418839705654,0.0007352498725935197,0.0007659078001711443,0.0008004496410648641,0.0008393272469819988,0.0008819000306112943,0.000932812022877189,0.0009886760064219903,0.001053668660287881,0.0011277585888691982,0.0012153715765385934,0.0013172568907185243,0.0014390750223035426,0.0015852493503011936,0.0017640230190449568,0.001988250620351363,0.0022732614384277645,0.0026487838117629807,0.0031616207488067887,0.003900697680330903,0.0050433561956096246,0.007028845449533202,0.011268392325981865,0.0286356376273421,0.47149649316744746
0.0,0.0,0.0,0.0,0.0,0.0,0.0,0.0,0.0,0.0,0.05539348795493104,0.02942617199742927,0.0005388449557791694,0.00054038103684758,0.0005439823701195081,0.0005484553620862645,0.0005552583311272085,0.0005624888402461974,0.0005723144512845073,0.0005819192582242211,0.0005947944134600184,0.000608576212143487,0.0006241245630110678,0.0006416980675845916,0.0006613345545922757,0.0006832704318929787,0.000707801902826893,0.0007352081729323393,0.0007658641783706419,0.0008004038544595015,0.0008392790197321847,0.0008818491146099711,0.0009327578955114292,0.0009886183671485498,0.0010536068712076205,0.0011276920965294559,0.0012152994871473396,0.0013171782600652014,0.0014389885029767022,0.0015851533679044315,0.0017639153478815476,0.0019881281791866777,0.0022731200891087737,0.0026486173018847956,0.003161419491757172,0.003900445728014803,0.00504302463070689,0.0070283727352286355,0.011267609804772349,0.0286335057044732,0.4715187183675114
0.0,0.0,0.0,0.0,0.0,0.0,0.0,0.0,0.0,0.0,0.05539203196627153,0.02942539162511876,0.0005388237942907691,0.0005403597408196927,0.0005439608599961354,0.0005484336000592989,0.0005552362275623653,0.0005624663672277853,0.0005722915124081161,0.0005818958489945582,0.0005947704023870327,0.0006085515562081747,0.0006240991858798623,0.0006416718792198925,0.0006613074621710171,0.0006832423318615062,0.0007077726776879627,0.0007351776916034042,0.0007658322920096409,0.0008003703856844626,0.000839243766911798,0.0008818118963846597,0.0009327183298652233,0.0009885762343924316,0.0010535617050545008,0.0011276434924203515,0.001215246791744349,0.0013171207831758445,0.0014389252596795018,0.0015850832073580265,0.0017638366431615838,0.0019880386779936345,0.0022730167665642575,0.0026484955876492425,0.0031612723782752563,0.0039002615576586084,0.0050427822656942695,0.0070280271938051335,0.011267037802845777,0.028631947326276816,0.47153496438999504
0.0,0.0,0.0,0.0,0.0,0.0,0.0,0.0,0.0,0.0,0.055390967677789185,0.029424821193984825,0.0005388083258128752,0.0005403441739970571,0.000543945136675468,0.0005484176926038906,0.0005552200704519694,0.0005624499400567825,0.000572274744707481,0.0005818787374783523,0.0005947528509395716,0.0006085335333837264,0.0006240806358806444,0.000641652736230846,0.0006612876583409802,0.0006832217914955477,0.0007077513148987629,0.0007351554105731534,0.000765808983938801,0.0008003459209115923,0.0008392179980498397,0.0008817846908646498,0.0009326894084437785,0.0009885454364827984,0.0010535286898133804,0.0011276079641260226,0.0012152082728244093,0.0013170787691181819,0.0014388790305330515,0.0015850319218887548,0.0017637791121316163,0.0019879732550326995,0.0022729412405677316,0.0026484066178220273,0.0031611648422831817,0.0039001269340897095,0.005042605103399212,0.007027774612333142,0.011266619684846473,0.02863080819379466,0.47154683979473827
0.0,0.0,0.0,0.0,0.0,0.0,0.0,0.0,0.0,0.0,0.055390189711583035,0.02942440422419467,0.0005387970187722858,0.0005403327950691112,0.0005439336433516764,0.0005484060646825646,0.0005552082600395731,0.0005624379322373591,0.00057226248797007,0.0005818662294210228,0.0005947400213043459,0.0006085203591846225,0.0006240670763309866,0.0006416387432215989,0.0006612731822747735,0.0006832067770414259,0.0007077356992754085,0.000735139123740328,0.0007657919463669757,0.000800328037821745,0.0008391991617060033,0.0008817648043624827,0.0009326682676638896,0.0009885229240405996,0.0010535045565616013,0.0011275819939000524,0.0012151801165316875,0.0013170480579739476,0.001438845238272471,0.0015849944335924154,0.0017637370584986684,0.001987925432610828,0.0022728860330990283,0.002648341583275275,0.003161086236370103,0.003900028527887727,0.0050424756025344184,0.007027589982081831,0.011266314051853268,0.02862997551863843,0.47155552039565946
0.0,0.0,0.0,0.0,0.0,0.0,0.0,0.0,0.0,0.0,0.05538962103924656,0.02942409943051221,0.0005387887536302515,0.000540324477379356,0.0005439252420416399,0.0005483975649853568,0.0005551996269463095,0.0005624291548448763,0.0005722535286252457,0.000581857086368108,0.0005947306431866528,0.0006085107292000174,0.000624057164665509,0.0006416285147088397,0.000661262600660391,0.0006831958018799825,0.0007077242846754529,0.0007351272185043329,0.0007657794923609976,0.0008003149657648723,0.000839185392846147,0.0008817502678651795,0.0009326528143233654,0.000988506468051881,0.0010534869158047462,0.0011275630103645554,0.0012151595350402909,0.0013170256089549276,0.0014388205370404116,0.0015849670306577936,0.001763706318425984,0.001987890475708859,0.002272845677926789,0.0026482940447737397,0.003161028777565415,0.0038999565956052977,0.0050423809408912095,0.0070274550223423295,0.011266090642369405,0.02862936685553243,0.471561865681059
0.0,0.0,0.0,0.0,0.0,0.0,0.0,0.0,0.0,0.0,0.05538920535509001,0.02942387663454221,0.0005387827120341054,0.0005403183973722418,0.0005439191009103533,0.0005483913519356985,0.0005551933163877281,0.0005624227388074544,0.0005722469795855626,0.0005818504030427607,0.000594723788035287,0.0006085036899407238,0.0006240499195050869,0.0006416210379415914,0.0006612548657853689,0.0006831877793326615,0.0007077159409104191,0.0007351185160975734,0.000765770388818165,0.0008003054104434878,0.0008391753281805542,0.0008817396420772951,0.0009326415183477875,0.000988494439167487,0.0010534740208867645,0.0011275491339115633,0.0012151444905245893,0.001317009199326847,0.0014388024811052792,0.001584946999850876,0.001763683848261051,0.0019878649231553306,0.0022728161793831333,0.0026482592954099,0.0031609867767272417,0.0038999040150448365,0.0050423117457803895,0.007027356370408825,0.011265927336055762,0.028628921939200355,0.4715665039137299
0.0,0.0,0.0,0.0,0.0,0.0,0.0,0.0,0.0,0.0,0.05538890150117108,0.029423713776690785,0.0005387782957900977,0.0005403139530508511,0.0005439146119088393,0.000548386810363792,0.0005551887035394264,0.0005624180488569615,0.0005722421924140014,0.000581845517711997,0.0005947187771043315,0.0006084985444318346,0.00062404462348802,0.0006416155726261742,0.0006612492118001233,0.0006831819150667165,0.0007077098418429793,0.0007351121548726948,0.0007657637343736251,0.0008002984257609979,0.0008391679711811711,0.0008817318749126349,0.0009326332612939796,0.00098848564637708,0.0010534645950491383,0.0011275389905982887,0.0012151334933889436,0.0013169972043308314,0.0014387892827031645,0.0015849323578706932,0.0017636674231758822,0.001987846244927144,0.002272794616742475,0.002648233894561157,0.0031609560752461313,0.003899865580071773,0.0050422611660186425,0.0070272842585033255,0.011265807963540302,0.028628596717348555,0.4715698943368477
