0.0,0.0,0.0,0.0,0.0,0.0,0.0,0.0,0.0,0.0,0.4186038605029003,0.3719858013832472,0.0,0.0,0.0,0.0,0.0,0.0,0.0,0.0,0.0,0.0,0.0,0.0,0.0,0.0,0.0,0.0,0.0,0.0,0.0,0.0,0.0,0.0,0.0,0.0,0.0,0.0,0.0,0.0,0.0,0.0,0.0,0.0,0.0,0.0,0.0,0.0,0.0,0.0,0.0
0.0,0.0,0.0,0.0,0.0,0.0,0.0,0.0,0.0,0.0,0.4186038605029003,0.3719858013832472,0.0,0.0,0.0,0.0,0.0,0.0,0.0,0.0,0.0,0.0,0.0,0.0,0.0,0.0,0.0,0.0,0.0,0.0,0.0,0.0,0.0,0.0,0.0,0.0,0.0,0.0,0.0,0.0,0.0,0.0,0.0,0.0,0.0,0.0,0.0,0.0,0.0,0.0,0.0
0.0,0.0,0.0,0.0,0.0,0.0,0.0,0.0,0.0,0.0,0.3051331620858787,0.2809151222593798,0.008563719294856423,0.0077385448347714325,0.006917038204798703,0.006291744643343223,0.0056597217994785775,0.005242154037676565,0.004749688555264868,0.004400528964142438,0.004094085640773208,0.0037609753003645875,0.0034977839699009416,0.0032588085900632545,0.0030416540405363954,0.0028439035038450486,0.0026631816997385463,0.0024972114050505045,0.0023438616494852638,0.002201186415421958,0.0020674531570332153,0.0019477164774693136,0.0018486894299552259,0.0017090892561469609,0.001642800492534559,0.0015223296969840373,0.0014369092247848222,0.0013467536851714244,0.0012731810461123752,0.001179640978291177,0.0011017427896907852,0.0010261610924865532,0.0009430364001946104,0.000865018799809469,0.0007814150570457642,0.000694320951310232,0.0006000414246733496,0.0004952159672612838,0.00037014560225861863,0.00020913473008138086,3.603065693057371e-05
0.0,0.0,0.0,0.0,0.0,0.0,0.0,0.0,0.0,0.0,0.2642103958055572,0.24381340857725708,0.007987909728210372,0.0072519484374118405,0.006535319191191649,0.005977318572486347,0.00542668613256479,0.005046925129615905,0.004616764746234239,0.004300294602980398,0.004023837315257885,0.003730602781188422,0.003493961640368706,0.0032793745072772756,0.0030842914747073623,0.0029066113640350347,0.0027442723568660565,0.002595253905742014,0.0024576354676811153,0.002329852466004185,0.002210846169397505,0.0021025553060751356,0.0020135039388389617,0.001893308634608555,0.0018301444405609984,0.0017269861560959031,0.0016517821823103475,0.001573527968571351,0.001508647449977453,0.0014298443891662955,0.0013632763390709036,0.0012995001915721332,0.0012304432755623558,0.0011657628759926594,0.0010970856330189307,0.0010259301016659749,0.000948247028289942,0.0008599742217232306,0.0007483710289241431,0.0005745581244166743,0.0002054879270115158
0.0,0.0,0.0,0.0,0.0,0.0,0.0,0.0,0.0,0.0,0.23824293303520563,0.21983551319298525,0.007203666573075366,0.0065487168353788065,0.005912801240465354,0.005416091543036907,0.004927500217186454,0.00458865320116377,0.004206853030916803,0.003924567551884187,0.0036782503590660934,0.0034178667896426814,0.0032071649713412914,0.003016223012831569,0.0028427164398849253,0.0026847726896938573,0.0025405719069354093,0.0024083202680801516,0.002286310549452391,0.002173193361645569,0.0020680623601797613,0.0019723312034385836,0.0018941016997218725,0.0017886163823475592,0.0017333314752758866,0.0016433435722792034,0.0015782161240359698,0.001510637834620142,0.0014552121198385289,0.0013879413235903446,0.001331846416800075,0.0012788450910065587,0.001221775998752435,0.001169348744853908,0.0011144410488400608,0.0010586954075739146,0.0009989260326124304,0.00093242038211951,0.0008488710980414551,0.0007116640051079178,0.0004310710958267886
0.0,0.0,0.0,0.0,0.0,0.0,0.0,0.0,0.0,0.0,0.21944705028969358,0.20238708130011113,0.006545647029585179,0.0059527439589777496,0.005377307268605178,0.00492763005734599,0.004485495028395874,0.004178657405397785,0.003833150939538192,0.0035775480328060273,0.003354562992806247,0.0031189773050783205,0.002928274153669174,0.0027554978771989207,0.002598534637095781,0.002455686328784539,0.002325309480000615,0.002205781666708992,0.0020955590222502675,0.0019934303565994193,0.0018985731468572882,0.0018122412848341355,0.0017418654623370243,0.0016468354233968626,0.0015973160946475206,0.0015164558305118983,0.0014582036472371657,0.0013978050970714373,0.0013485683475898582,0.0012886873188733886,0.0012391151134136093,0.0011925739861150418,0.001142569544846003,0.00109709778706005,0.0010498198825820103,0.0010023646655302398,0.0009520894226105991,0.0008970255732281429,0.0008286055961893884,0.0007145160156591691,0.0006457774947389852
0.0,0.0,0.0,0.0,0.0,0.0,0.0,0.0,0.0,0.0,0.20522767066101524,0.18916099015402923,0.0060222674362710674,0.005477068067770573,0.004947842840340046,0.004534344750526092,0.004127706248232212,0.0038456057306464103,0.0035278464903932996,0.0032928466068512263,0.003087834333984614,0.002871206715433777,0.002695879673638967,0.0025370438947922873,0.0023927568541677775,0.002261455682152289,0.002141629699836266,0.0020317873499610096,0.0019305096731296002,0.0018366840506212998,0.001749548665782295,0.0016702766719760495,0.0016056995230444879,0.0015184078638493365,0.0014730687127557252,0.00139884825035173,0.0013454793938774596,0.0012901469030894713,0.001245140501171206,0.001190328779979682,0.0011450717779804493,0.0011026628985994955,0.0010571204408940551,0.0010158470492748894,0.0009730361174478458,0.0009302319134471416,0.0008850891450557432,0.0008359626234762283,0.0007752684640885279,0.0006739077555142192,0.0008274062093082511
0.0,0.0,0.0,0.0,0.0,0.0,0.0,0.0,0.0,0.0,0.19427997803212366,0.17896971678701465,0.005611123766761497,0.005102870307275313,0.004609353326597749,0.004223880443370748,0.003844671481784879,0.0035817623600974463,0.003285448599409763,0.0030664268524782353,0.0028753405594054908,0.0026733596607690915,0.0025099362167717992,0.00236188301779661,0.002227393064145951,0.0021050087433534784,0.0019933212738278364,0.0018909401193202714,0.0017965427481026095,0.0017090903911433342,0.0016278677591639733,0.0015539954185559573,0.0014938163089321097,0.0014124109575282021,0.001370204060700739,0.001300989108496428,0.0012512499078327632,0.0011996707833946138,0.0011577386576074472,0.0011066271372071547,0.001064448159443732,0.0010249248425491795,0.000982473434628446,0.0009440160850188275,0.0009041324625780746,0.0008642713741527885,0.0008222661882451136,0.0007766174074491307,0.0007203405467513108,0.0006266664493744146,0.000974067870742278
0.0,0.0,0.0,0.0,0.0,0.0,0.0,0.0,0.0,0.0,0.1857876228904592,0.17106134885617613,0.005289451152496925,0.0048099264582636535,0.004344149506282437,0.003980470257741435,0.003622570409027816,0.003374594381201671,0.0030949421824619594,0.002888351182325842,0.00270809513318885,0.002517491032992664,0.0023633213818933436,0.0022236471176772855,0.002096767560154119,0.0019813071386445467,0.0018759359807988525,0.0017793419858851839,0.0016902774873982273,0.0016077602993744443,0.001531111234824217,0.0014614128697141024,0.0014046203643997568,0.001327754822926217,0.0012879451345176659,0.0012225743953547057,0.001175603418586909,0.0011268825518386688,0.0010872689101216813,0.0010389549610804545,0.0009990756744815614,0.00096168438303315,0.0009215071765221049,0.0008850847080956058,0.0008472878530098592,0.000809480334053774,0.0007696153966473251,0.0007262684371176635,0.0006728602442074633,0.0005843628152894019,0.0010902160121604146
0.0,0.0,0.0,0.0,0.0,0.0,0.0,0.0,0.0,0.0,0.17917812162624874,0.16490541705313871,0.0050381696476985705,0.004581026716087598,0.004136852394383567,0.0037901524463955037,0.003448847289600667,0.0032125085209023605,0.0029458321046624187,0.0027489275908598484,0.002577109531704888,0.0023953645345790647,0.0022484033781689024,0.002115254940734698,0.0019943016896046555,0.0018842320395068247,0.001783777482407797,0.0016916869837608132,0.001606771161481052,0.0015280916242375341,0.0014549972958654775,0.0013885420902919022,0.0013343763951523917,0.001261034790440734,0.0012230792266902343,0.0011606867783440628,0.001115853610566503,0.0010693385722089603,0.0010315061136072206,0.0009853440375320822,0.0009472237804767198,0.0009114546353520816,0.0008730042306074738,0.0008381132209800377,0.0008018761745179472,0.000765586728730988,0.000727284819038578,0.0006855907028934036,0.0006342194003260467,0.0005494733262834461,0.0011814357186034387
0.0,0.0,0.0,0.0,0.0,0.0,0.0,0.0,0.0,0.0,0.17402648029081835,0.1601069833741655,0.004841999684998538,0.0044023090727609935,0.003974976536139461,0.0036415164732094274,0.003313148881769814,0.0030858854547722876,0.0028293253683871486,0.00263997463819841,0.0024747363003402934,0.0022998977914964656,0.0021585571946699765,0.0020304966274128475,0.001914163499958577,0.0018082961440251855,0.00171167386248355,0.0016230932235119508,0.0015414102784608282,0.0014657206866200859,0.0013953952876843017,0.001331465958696287,0.0012793445313819538,0.0012087463004825177,0.0011722318389248828,0.001112156007514204,0.0010689833130845586,0.0010241810571339565,0.0009877288325964725,0.0009432351712548414,0.0009064752879710681,0.0008719576226628868,0.0008348381983669042,0.0008011227766206445,0.0007660792565658873,0.0007309453129256792,0.0006938261564243759,0.0006533723567085305,0.0006035208995584948,0.0005216024101551928,0.0012528184058758114
0.0,0.0,0.0,0.0,0.0,0.0,0.0,0.0,0.0,0.0,0.17000852064770275,0.15636439701441546,0.004688893802153647,0.004262817244472835,0.0038486214812480943,0.0035254895311013115,0.0032072133993130774,0.0029870297646274243,0.0027383605873932634,0.002554902578930044,0.002394796941035507,0.0022253454888626527,0.0020883892217268434,0.00196429731992681,0.0018515678906726645,0.001748978212768692,0.0016553448718829666,0.0015695015649065623,0.0014903397796142532,0.001416981703498082,0.0013488152712396349,0.0012868552749123248,0.0012363271460496864,0.0011678674203386221,0.0011324755159845294,0.0010742048469733986,0.0010323252084223097,0.000988856563187239,0.0009534780458896286,0.0009102825981847141,0.000874580042485231,0.0008410340183862455,0.0008049475288564594,0.0007721427682208891,0.0007380224705642656,0.0007037802038888143,0.0006675712990550946,0.0006280683647764436,0.0005793789646010968,0.0004996326093590238,0.0013085897143002175
0.0,0.0,0.0,0.0,0.0,0.0,0.0,0.0,0.0,0.0,0.16687385256789206,0.15344452980002676,0.004569410886583755,0.004153956246956156,0.0037500096725358325,0.0034349359121028118,0.0031245330504353934,0.0029098733185693657,0.0026673605769923035,0.0024885002487861803,0.0023323992467733467,0.0021671506987320315,0.0020336151230970476,0.0019126195605373294,0.0018027016854562843,0.0017026691666868579,0.0016113676740906091,0.0015276598713689369,0.0014504648927174929,0.0013789256118768977,0.0013124433011145542,0.001252019457995821,0.0012027339760465024,0.0011359422280038446,0.0011014256109408754,0.0010445626884013313,0.0010036911496061507,0.0009612621602977776,0.0009267203488400912,0.0008845366705011103,0.000849657737414473,0.0008168682280753374,0.0007815858282601512,0.0007494893952580176,0.0007160867351552963,0.000682536848220279,0.0006470338956748914,0.0006082671304061782,0.0005604763208163478,0.0004824131794077613,0.0013521337781572922
0.0,0.0,0.0,0.0,0.0,0.0,0.0,0.0,0.0,0.0,0.1644279804270274,0.15116624761822398,0.004476170932560297,0.004069004416817848,0.0036730550143066133,0.003364268945499905,0.0030600093914164143,0.0028496599213423406,0.0026119508915500834,0.00243667809069124,0.002283701851244768,0.0021217327088565276,0.001990866234673695,0.0018722866713802512,0.00176456257131902,0.0016665253171854783,0.001577043271276571,0.001495001699101284,0.001419341306367159,0.0013492211040704346,0.0012840527715683437,0.0012248274447906123,0.0011765114203871523,0.00111102099287975,0.00107718716074464,0.0010214224524718494,0.0009813372576964856,0.0009397192061350627,0.0009058299156345603,0.000864435323835598,0.0008301985995351766,0.0007979988490381499,0.0007633432457002725,0.0007317987636929962,0.0006989551513869595,0.0006659443833852412,0.000630990825832033,0.0005927965303112674,0.0005457041204014632,0.000468950423199313,0.0013861210504804416
0.0,0.0,0.0,0.0,0.0,0.0,0.0,0.0,0.0,0.0,0.16251944145865374,0.1493884770381872,0.004403411080443833,0.004002711929190136,0.0036130028171810417,0.003309123143678063,0.0030096572880634266,0.0028026712031509883,0.0025687105705475724,0.0023962371871860673,0.002245699254878058,0.0020862890691957137,0.00195750533590952,0.0018408110084802756,0.0017347987352650872,0.0016383184036259865,0.0015502560826371197,0.0014695146741927458,0.0013950517164218357,0.0013260388111707903,0.001261895758636074,0.001203605613319738,0.001156046018233829,0.0010915709730637876,0.0010582698652446168,0.0010033620343952172,0.0009638903483792212,0.0009229049866227603,0.0008895247508344856,0.0008487457668277673,0.000815010015305515,0.0007832702805041423,0.0007491035652734438,0.0007179895260026543,0.0006855818371383387,0.0006529913666345987,0.0006184660180452227,0.0005807177657166384,0.0005341693896618134,0.0004584361293257146,0.0014126455265102906
0.0,0.0,0.0,0.0,0.0,0.0,0.0,0.0,0.0,0.0,0.16103015055428999,0.1480012274919179,0.004346633164125694,0.003950980706327292,0.003566141081588086,0.003266090027604175,0.002970364840076397,0.0027660033179976915,0.0025349676738271316,0.002364678769233501,0.0022160435272435127,0.0020586301716076743,0.001931471666765045,0.0018162484465077445,0.0017115719625695799,0.00161630654221627,0.0015293520715178896,0.0014496252145453673,0.0013760966442426248,0.0013079477870569522,0.001244604780149774,0.0011870443731098173,0.0011400750256134202,0.0010763922957189758,0.0010435068679789244,0.0009892676599217013,0.000950274684483291,0.0009097829975702086,0.0008767999534377328,0.0008365013041109848,0.0008031564257607933,0.0007717755940059909,0.0007379903021924812,0.0007072120652228507,0.0006751444360951184,0.000642881806430198,0.0006086904359060653,0.0005712900200871299,0.000525165852523853,0.0004502284150503704,0.0014333446865094726
0.0,0.0,0.0,0.0,0.0,0.0,0.0,0.0,0.0,0.0,0.1598679981793103,0.14691870164988607,0.004302326752424292,0.003910612429649057,0.00352957265465117,0.0032325092245454653,0.002939703025484116,0.0027373895553940643,0.0025086363933936474,0.0023400521251246715,0.00219290162797586,0.0020370464758272494,0.001911156200640761,0.001797080942525479,0.0016934468263938326,0.0015991294475800218,0.0015130394740455898,0.0014341043090119582,0.0013613048750171254,0.001293830264885008,0.001231111560769817,0.0011741205926986923,0.0011276118325085546,0.0010645473708066947,0.0010319863072927545,0.0009782688432620945,0.0009396494145172974,0.0008995429503956099,0.0008668698371157868,0.0008269459971946692,0.0007939061151406941,0.0007628053287613414,0.0007293176525989193,0.00069880142648719,0.0006669991239468196,0.0006349922773905749,0.0006010614668296133,0.0005639324056213973,0.0005181391572136521,0.0004438225773364111,0.0014494974956429138
0.0,0.0,0.0,0.0,0.0,0.0,0.0,0.0,0.0,0.0,0.15896112016607547,0.14607395957904284,0.004267752427088175,0.0038791112013483184,0.0035010366120263206,0.003206304554092766,0.0029157761669244137,0.0027150608808425435,0.0024880888376329307,0.002320834771081925,0.0021748428845646986,0.0020202036652531424,0.0018953030443132934,0.0017821235903125677,0.0016793028783306588,0.0015857252966760649,0.0015003099268671044,0.0014219925523414351,0.0013497620938307596,0.0012828136265149103,0.0012205820913440608,0.001164035479527267,0.0011178861334177302,0.0010553041308456882,0.0010229961802628613,0.0009696858527065943,0.0009313579152026703,0.0008915520533173299,0.0008591207879494873,0.0008194894230773492,0.0007866875369581835,0.0007558052751073851,0.0007225498332316258,0.0006922380558294732,0.0006606427872262562,0.0006288355245432947,0.0005951080213308487,0.0005581906844127351,0.0005126556304908969,0.000438823480713068,0.0014621023810328692
0.0,0.0,0.0,0.0,0.0,0.0,0.0,0.0,0.0,0.0,0.15825344217106746,0.14541476904873685,0.004240772486814863,0.0038545293370093343,0.003478768615099308,0.00318585583183096,0.0028971049234872604,0.002697636772469913,0.002472054616189031,0.0023058385659971564,0.002160750795510354,0.002007060423087304,0.0018829320738334829,0.0017704516559741007,0.0016682656796861927,0.0015752653948363422,0.0014903764484135937,0.0014125411633131395,0.0013407547016146275,0.0012742168067834377,0.0012123654309640895,0.001156165569801461,0.0011102966899755873,0.0010480911712305676,0.0010159807352252929,0.0009629881136139136,0.0009248876387208664,0.0008853163490458294,0.0008530738069871675,0.000813670671930506,0.0007810545028119327,0.0007503427631754469,0.0007172685414967814,0.0006871163014184647,0.0006556825867868858,0.000624031063502513,0.0005904622039192424,0.0005537100765592619,0.0005083764914533141,0.0004349223469856005,0.0014719385923132628
0.0,0.0,0.0,0.0,0.0,0.0,0.0,0.0,0.0,0.0,0.15770120838661908,0.14490037226488406,0.004219718788974711,0.0038353469678824156,0.003461391862780631,0.0031698987430388106,0.0028825348829057576,0.0026840399286612725,0.0024595423648716983,0.0022941363265101848,0.0021497540792569077,0.0019968041355355294,0.0018732784252992335,0.0017613434973805333,0.0016596528344281047,0.0015671030406987268,0.0014826248865175509,0.0014051657978178488,0.0013337258070886542,0.001267508300667706,0.0012059535804737277,0.0011500243045860017,0.0011043742852439125,0.0010424625538667848,0.0010105062472754243,0.0009577615458795838,0.0009198385701343553,0.0008804503275152648,0.0008483550544254831,0.000809130017038907,0.0007766587707870544,0.0007460800967070925,0.0007131472885955563,0.0006831195417673197,0.0006518118938330146,0.0006202818995560754,0.0005868368348373845,0.0005502136253191964,0.0005050372516570797,0.00043187807638403187,0.001479614257355212
0.0,0.0,0.0,0.0,0.0,0.0,0.0,0.0,0.0,0.0,0.15727027468170246,0.14449896453135352,0.004203289609024583,0.003820378072454465,0.003447831973793203,0.0031574466832982595,0.0028711652011406633,0.0026734296774527004,0.002449778471430451,0.00228500452284656,0.0021411728280689678,0.001988800675156401,0.0018657452320668406,0.0017542359752153213,0.00165293182819478,0.0015607335735413183,0.0014765759795560647,0.0013994104543091628,0.0013282408308955237,0.001262273338353439,0.0012009501122398382,0.0011452319865257576,0.0010997527540883905,0.0010380702785339805,0.0010062342461775223,0.0009536830083161604,0.0009158985432647161,0.0008766531406172108,0.000844672788171674,0.0008055867284824866,0.0007732285720578673,0.0007427537349578053,0.0007099312781288111,0.000680000678818953,0.0006487914061613394,0.0006173562460914091,0.0005840077835890976,0.0005474851737521216,0.00050243147820427,0.00042950247921753605,0.0014856039407215472
0.0,0.0,0.0,0.0,0.0,0.0,0.0,0.0,0.0,0.0,0.15693399699570598,0.14418572733992624,0.00419046915358141,0.003808697145037963,0.003437250559718811,0.0031477297599839926,0.0028622929077669916,0.002665150003115891,0.0024421592494746087,0.002277878549985429,0.0021344764769462374,0.0019825552011064093,0.0018598667293717,0.0017486896434751452,0.001647687112832329,0.0015557631804854733,0.0014718557345423842,0.0013949192905199994,0.0013239606473029266,0.0012581882522206297,0.0011970456717035648,0.00114149231628652,0.0010961463568022614,0.0010346427802209834,0.0010029006034231842,0.0009505003341380302,0.0009128239553956546,0.0008736900173907345,0.0008417993428273655,0.0008028217338565096,0.000770551826628611,0.0007401580182855643,0.0007074216736160141,0.0006775668829357129,0.0006464343769611745,0.0006150732202815052,0.0005818001407843676,0.0005453560332876982,0.0005003980687908942,0.00042764868649604104,0.0014902779717720844
0.0,0.0,0.0,0.0,0.0,0.0,0.0,0.0,0.0,0.0,0.15667158379305163,0.1439412937131733,0.004180464753232327,0.003799581971618947,0.003428993387901393,0.0031401471906747076,0.0028553694426398024,0.002658688986296015,0.0024362136144869895,0.002272317820298871,0.002129251001163084,0.001977681565755363,0.0018552794589037525,0.0017443615815127122,0.001643594416211586,0.001551884550367825,0.0014681723066200165,0.0013914146253709142,0.0013206206198492845,0.0012550004684206528,0.0011939988540930055,0.0011385740766272742,0.0010933321162445856,0.001031968142879213,0.0010002992059475776,0.0009480167444831808,0.0009104247105240516,0.0008713777535727819,0.000839557058833782,0.0008006640790073899,0.0007684630367299599,0.0007381324588875825,0.0007054633115316924,0.0006756676778342156,0.0006445950764494165,0.0006132916680237369,0.0005800774133449288,0.0005436945648074096,0.0004988113036009474,0.00042620208441903034,0.0014939253371988753
0.0,0.0,0.0,0.0,0.0,0.0,0.0,0.0,0.0,0.0,0.15646681049093253,0.14375055071587672,0.004172657851779556,0.003792468975518398,0.0034225499305693486,0.003134230157223019,0.002849966739000148,0.0026536471526936076,0.002431573957426748,0.0022679785228423323,0.0021251733180030017,0.0019738784401355566,0.0018516997971917944,0.0017409841923172542,0.0016404006935969097,0.0015488578738541742,0.0014652979555058259,0.0013886797712063983,0.0013180142401756098,0.001252512891587338,0.00119162127976727,0.0011362968376874363,0.0010911360326645483,0.0010298809982144646,0.0009982692137723397,0.0009460786832566681,0.0009085524674727312,0.0008695733859014826,0.0008378072996875182,0.0007989803599355948,0.0007668330561939483,0.0007365518200617588,0.0007039351099048454,0.000674185639158743,0.0006431597841160284,0.0006119014393402273,0.0005787330884009623,0.000542398043070628,0.0004975730763011478,0.0004250732328982157,0.0014967715472423066
0.0,0.0,0.0,0.0,0.0,0.0,0.0,0.0,0.0,0.0,0.1563070162970138,0.14360170502581507,0.004166565761269871,0.003786918371823892,0.003417521799304925,0.0031296128191445646,0.0028457507565405535,0.0026497127740095034,0.002427953415917117,0.0022645923659855697,0.002121991311022952,0.001970910683251115,0.0018489064196507185,0.001738348657485277,0.0016379084823917626,0.0015464960165377864,0.0014630549648259362,0.0013865456365233528,0.0013159803601489944,0.0012505717189757002,0.0011897659472591515,0.0011345198015753556,0.0010894223258766085,0.0010282523015592107,0.0009966851158781872,0.0009445663233829156,0.0009070914686001109,0.0008681653533631445,0.0008364418807355126,0.0007976664751429189,0.0007655611060940808,0.000735318373605735,0.000702742582647227,0.0006730291350101753,0.0006420397583231289,0.0006108165788189106,0.0005776840487115572,0.0005413863064550449,0.000496606829554183,0.00042419233717590015,0.0014989925782061576
0.0,0.0,0.0,0.0,0.0,0.0,0.0,0.0,0.0,0.0,0.15618232140556954,0.14348555376465705,0.00416181181788268,0.003782586975945121,0.0034135981131200783,0.0031260096941116045,0.0028424608280843066,0.0026466425941607855,0.0024251281379062293,0.0022619499892905697,0.0021195082420327757,0.0019685948036394486,0.001846726616403184,0.0017362920262920924,0.0016359636933334044,0.0015446529487205321,0.0014613046542091388,0.0013848802713362959,0.0013143932283631297,0.0012490569311252415,0.001188318144459524,0.001133133097118459,0.001088085040255647,0.0010269813533240377,0.0009954489701437706,0.0009433861581837928,0.0009059513827942372,0.0008670665996671316,0.0008353763804154782,0.0007966411893395965,0.0007645685438943346,0.000734355857601428,0.0007018119978086401,0.0006721266606895419,0.0006411657497706311,0.000609970011373475,0.0005768654339374328,0.0005405968010146914,0.0004958528219862511,0.00042350493300492717,0.0015007257526624908
0.0,0.0,0.0,0.0,0.0,0.0,0.0,0.0,0.0,0.0,0.15608501614278641,0.14339491549669603,0.004158102093288264,0.003779206984954636,0.003410536277092334,0.0031231980069589163,0.0028398935428839865,0.002644246789087189,0.0024229234412027458,0.0022598880190470272,0.002117570587049852,0.001966787614356193,0.001845025613877758,0.001734687140687416,0.0016344460833828227,0.0015432147166168295,0.0014599388048917123,0.0013835807089147244,0.0013131547151272922,0.0012478748712492522,0.0011871883561548598,0.0011320509867111656,0.001087041493679764,0.0010259895729161648,0.0009944843477566246,0.0009424652200293238,0.000905061720466814,0.0008662091907201872,0.0008345449206347208,0.0007958411108290892,0.0007637940011438317,0.0007336047613040199,0.0007010858188949077,0.0006714224177291606,0.0006404837199819681,0.0006093093951655423,0.000576226630507778,0.0005399807129611981,0.0004952644345847137,0.0004229685193521792,0.0015020782298462863
0.0,0.0,0.0,0.0,0.0,0.0,0.0,0.0,0.0,0.0,0.15600908428961516,0.14332418621180762,0.00415520722148638,0.0037765694197232865,0.003408146983075709,0.00312100391582242,0.0028378901700348087,0.0026423772302102137,0.0024212030131354344,0.0022582789671193753,0.002116058544140964,0.001965377379941681,0.0018436982419624424,0.0017334347733059187,0.0016332618212807932,0.001542092396765493,0.0014588729687177496,0.0013825665995094072,0.0013121882452601652,0.0012469524545821865,0.001186306729442468,0.0011312065652945642,0.0010862271654265353,0.0010252156402277622,0.0009937316077434464,0.0009417465688684103,0.0009043674752982352,0.0008655401143746683,0.0008338960936386628,0.0007952167721076636,0.0007631895891716878,0.0007330186456971599,0.0007005191474893537,0.0006708728639752432,0.0006399515002061846,0.0006087938854096314,0.0005757281422843158,0.0005394999506096286,0.0004948052883492366,0.00042254993066680066,0.0015031336311246012
0.0,0.0,0.0,0.0,0.0,0.0,0.0,0.0,0.0,0.0,0.15594983110876978,0.1432689928386339,0.004152948217463784,0.003774511204066469,0.0034062825050734697,0.0031192917637682324,0.0028363268443909358,0.0026409183258748864,0.002419860482554196,0.0022570233485552722,0.0021148786262568013,0.001964276907993031,0.0018426624315020844,0.001732457492395506,0.00163233768610909,0.0015412165980325516,0.0014580412468432062,0.0013817752424546306,0.001311434063567843,0.0012462326496647418,0.0011856187548367216,0.001130547623723327,0.0010855917069598536,0.001024611704311922,0.0009931442094644766,0.0009411857717171546,0.0009038257232856727,0.0008650180027733385,0.0008333897835529579,0.0007947295713693981,0.000762717938209033,0.0007325612722451461,0.0007000769472581871,0.0006704440214492833,0.0006395361841951423,0.0006083916090096781,0.0005753391485833272,0.0005391247892366942,0.0004944469950441269,0.00042222328631746686,0.0015039572101641942
0.0,0.0,0.0,0.0,0.0,0.0,0.0,0.0,0.0,0.0,0.15590359307695906,0.14322592286487235,0.004151185410840746,0.0037729050820077925,0.0034048275655790498,0.003117955691344214,0.00283510690818416,0.002639779874505019,0.0024188128430742187,0.0022560435305921866,0.002113957881079189,0.0019634181581992117,0.001841854140095554,0.001731694874337629,0.0016316165401598433,0.0015405331712699784,0.0014573922153172769,0.0013811577094877804,0.0013108455402771697,0.0012456709521813092,0.0011850818960360684,0.0011300334207590699,0.0010850958289617574,0.0010241404248364022,0.0009926858350814383,0.0009407481554397678,0.0009034029688218695,0.0008646105746421594,0.0008329946860843944,0.0007943493858195191,0.0007623498868772542,0.000732204362323538,0.0006997318777113743,0.0006701093755453997,0.0006392120936643184,0.000608077693898068,0.0005750355985837972,0.0005388320332505841,0.0004941674020013712,0.0004219683904371224,0.0015045998874558908
0.0,0.0,0.0,0.0,0.0,0.0,0.0,0.0,0.0,0.0,0.15586751137542224,0.14319231334739246,0.004149809810282733,0.0037716517497527273,0.0034036922081586056,0.0031169130914652263,0.0028341549348340303,0.0026388914875889757,0.002417995320928487,0.0022552789327520933,0.002113239380499917,0.001962748035521097,0.0018412233924599555,0.0017310997677548183,0.001631053796205494,0.001539999861363341,0.001456885745624489,0.0013806758195956852,0.0013103862879938922,0.0012452326333316495,0.0011846629599737534,0.0011296321641068455,0.001084708872138771,0.0010237726633925118,0.0009923281440855473,0.0009404066629658043,0.0009030730737170158,0.0008642926393923767,0.0008326863730280915,0.0007940527092316866,0.00076206267918805,0.000731925848798446,0.0006994626037852246,0.0006698482356759761,0.0006389591906468162,0.0006078327312367118,0.0005747987243048232,0.0005386035820458042,0.0004939492224577647,0.00042176948324597173,0.0015051013986426636
0.0,0.0,0.0,0.0,0.0,0.0,0.0,0.0,0.0,0.0,0.1558393551340122,0.14316608626697494,0.004148736364748903,0.00377067371590144,0.00340280623559547,0.003116099501955471,0.0028334120654487354,0.0026381982376759107,0.0024173573701142554,0.002254682281251965,0.002112678700851117,0.0019622251074140782,0.0018407311905425203,0.0017306353782199253,0.0016306146607451123,0.0015395836946687684,0.001456490523605695,0.0013802997783464313,0.0013100279119309056,0.0012448905926072157,0.0011843360445459705,0.001129319044750676,0.0010844069116090107,0.0010234856819159711,0.0009920490210511756,0.0009401401803966632,0.0009028156411180925,0.0008640445396284426,0.0008324457819123358,0.0007938211985972126,0.0007618385575786047,0.0007317085116524076,0.000699252476730934,0.0006696444560070723,0.0006387618385792047,0.0006076415754008592,0.0005746138802125356,0.0005384253108727819,0.000493778966743005,0.0004216142666503877,0.0015054927513072328
0.0,0.0,0.0,0.0,0.0,0.0,0.0,0.0,0.0,0.0,0.15581738350028557,0.14314562004791354,0.004147898704929827,0.0037699105102863505,0.0034021148697147272,0.003115464619960954,0.002832832369679138,0.0026376572623041574,0.0024168595472189593,0.0022542166861455,0.00211224117626479,0.001961817042123698,0.0018403471023367703,0.0017302729933187167,0.0016302719827808855,0.0015392589403081236,0.0014561821133563925,0.0013800063357498299,0.0013097482543064046,0.0012446236822123665,0.0011840809371284119,0.0011290747030538615,0.0010841712776670084,0.0010232617368306617,0.0009918312082763,0.0009399322315687573,0.0009026147544057563,0.0008638509357643037,0.0008322580373980002,0.0007936405400076591,0.00076166366499131,0.0007315389132996264,0.0006990885047503944,0.0006694854371886003,0.0006386078355190295,0.0006074924075504992,0.0005744696377112653,0.0005382861975282333,0.0004936461082359158,0.00042149314387228843,0.0015057981421183312
0.0,0.0,0.0,0.0,0.0,0.0,0.0,0.0,0.0,0.0,0.1558002380055582,0.14312964929874814,0.004147245039745587,0.0037693149452041543,0.003401575364541484,0.003114969191809265,0.002832380005923111,0.0026372351138878383,0.002416471072700845,0.002253853360480227,0.002111899755340923,0.0019614986096680286,0.0018400473803230804,0.0017299902074099235,0.0016300045751178904,0.0015390055192723614,0.001455941446396103,0.0013797773487498764,0.001309530024365728,0.0012444153995319384,0.0011838818648638942,0.001128884031785399,0.0010839874014674086,0.0010230869819933277,0.0009916612387679713,0.000939769959360177,0.0009024579930966735,0.0008636998576027246,0.0008321115315614656,0.0007934995636500664,0.0007615271881153019,0.0007314065677627383,0.0006989605497352497,0.000669361347357775,0.0006384876597192931,0.0006073760048914166,0.0005743570785327345,0.0005381776408708952,0.0004935424325211672,0.0004213986260964616,0.0015060364528696316
0.0,0.0,0.0,0.0,0.0,0.0,0.0,0.0,0.0,0.0,0.15578685857309954,0.14311718657526482,0.004146734954191271,0.0037688501978802875,0.0034011543633898525,0.003114582586021672,0.0028320270053001557,0.002636905691709438,0.0024161679278421567,0.0022535698404491317,0.0021116333286053403,0.0019612501219107297,0.001839813493199866,0.0017297695363224746,0.0016297959043957999,0.001538807762970494,0.0014557536426965984,0.0013795986594703936,0.00130935972932335,0.0012442528668025622,0.0011837265194533765,0.0011287352420655198,0.0010838439142579776,0.0010229506126100223,0.0009915286036009873,0.0009396433307566499,0.0009023356649060998,0.0008635819642382893,0.0008319972061963847,0.0007933895531963485,0.0007614206888177755,0.0007313032923425983,0.0006988607004448348,0.000669264514251691,0.0006383938809149625,0.0006072851704454357,0.00057426924333462,0.0005380929290275076,0.0004934615295058592,0.00042132486944976375,0.0015062224179089394
0.0,0.0,0.0,0.0,0.0,0.0,0.0,0.0,0.0,0.0,0.15577641797539357,0.14310746132850183,0.004146336910545972,0.0037684875337793966,0.003400825836475787,0.0031142808994208977,0.0028317515423830764,0.0026366486281568214,0.002415931369712677,0.0022533485964916517,0.002111425423346826,0.0019610562152770515,0.001839630980124711,0.001729597336338934,0.0016296330688593255,0.0015386534444672406,0.0014556070906750485,0.0013794592198576134,0.0013092268401268853,0.0012441260349024404,0.001183605296154742,0.0011286191344792936,0.0010837319444689682,0.001022844197194069,0.0009914251021689016,0.0009395445165273176,0.0009022402064903822,0.0008634899665250908,0.0008319079927601714,0.0007933037068875395,0.0007613375824285693,0.0007312227016958915,0.0006987827833675982,0.0006691889508443365,0.0006383207009222991,0.0006072142880734774,0.0005742007014162266,0.0005380268244090751,0.0004933983970943463,0.0004212673136843434,0.0015063675351378418
0.0,0.0,0.0,0.0,0.0,0.0,0.0,0.0,0.0,0.0,0.15576827068807064,0.14309987226301954,0.004146026298449185,0.003768204529997932,0.003400569471539842,0.003114045479238347,0.0028315365857689676,0.0026364480294284428,0.002415746772326241,0.0022531759494707885,0.0021112631851374166,0.001960904900850158,0.001839488556625092,0.0017294629606276635,0.0016295060006646356,0.0015385330225124263,0.001455492729269612,0.001379350408597814,0.001309123140463692,0.0012440270620312464,0.0011835106999379395,0.0011285285302924516,0.001083644569199068,0.001022761156261574,0.000991344335154481,0.0009394674071567068,0.0009021657158182883,0.0008634181764012365,0.0008318383753380364,0.0007932367169926014,0.0007612727306212082,0.0007311598130402141,0.0006987219810233816,0.0006691299851789511,0.0006382635951470128,0.0006071589752392249,0.0005741472149474952,0.000537975239879642,0.0004933491319171614,0.0004212224002252591,0.0015064807769073877
0.0,0.0,0.0,0.0,0.0,0.0,0.0,0.0,0.0,0.0,0.15576191297823522,0.14309395015982795,0.004145783913284108,0.0037679836888941973,0.0034003694179747667,0.0031138617698451853,0.002831368845056567,0.0026362914928466587,0.002415602722340916,0.0022530412249153553,0.002111136583065005,0.0019607868231168025,0.0018393774168986524,0.0017293581009673498,0.0016294068434017216,0.001538439051621729,0.0014554034877094094,0.0013792654980761658,0.001309042218760252,0.0012439498288649594,0.0011834368820800314,0.001128457827602469,0.0010835763861841844,0.001022696355533146,0.0009912813088708136,0.0009394072351037906,0.0009021075872584588,0.0008633621552056657,0.0008317840496033648,0.0007931844416404472,0.0007612221237189173,0.0007311107380771169,0.000698674534106819,0.0006690839715088925,0.0006382190328362972,0.0006071158120443619,0.0005741054769511765,0.0005379349860556259,0.00049331068799232,0.0004211873521498431,0.001506569144763273
0.0,0.0,0.0,0.0,0.0,0.0,0.0,0.0,0.0,0.0,0.15575695175951917,0.1430893288653755,0.004145594768788909,0.003767811356238967,0.003400213306809432,0.0031137184128025948,0.0028312379491233883,0.0026361693400212883,0.0024154903133915095,0.0022529360930356045,0.002111037789539133,0.0019606946815318906,0.0018392906893654418,0.0017292762740638323,0.0016293294663459383,0.0015383657217350646,0.0014553338483408046,0.0013791992384197666,0.001308979071765497,0.001243889560208479,0.001183379278548618,0.0011284026549824712,0.001083523179784663,0.0010226457884901377,0.0009912321265101495,0.0009393602800330462,0.000902062226821066,0.0008633184392432913,0.000831741656688529,0.0007931436487351091,0.0007611826327831409,0.0007310724425852339,0.0006986375090558886,0.0006690480648873275,0.000638184258778395,0.0006070821297820793,0.0005740729068380606,0.0005379035741116618,0.0004932806883974394,0.00042116000249529695,0.0015066381023394846
0.0,0.0,0.0,0.0,0.0,0.0,0.0,0.0,0.0,0.0,0.1557530802882213,0.14308572265289918,0.004145447170481669,0.0037676768769977606,0.0034000914859564405,0.003113606544588853,0.0028311358048968755,0.0026360740184512388,0.0024154025954241805,0.0022528540537065105,0.002110960696324394,0.0019606227791381936,0.0018392230118098294,0.0017292124206990654,0.0016292690854057437,0.0015383084989904637,0.001455279505480271,0.0013791475329069393,0.0013089297952083162,0.0012438425297534468,0.0011833343278154843,0.0011283596012033538,0.0010834816603394627,0.001022606328658425,0.000991193747210914,0.0009393236387924391,0.00090202682994754,0.0008632843256306332,0.0008317085755118228,0.000793111816120743,0.0007611518161565947,0.0007310425588195402,0.0006986086166747655,0.0006690200452690147,0.0006381571229525459,0.0006070558459354811,0.0005740474908535391,0.0005378790619007663,0.0004932572783086742,0.0004211386602790714,0.0015066919131654843
0.0,0.0,0.0,0.0,0.0,0.0,0.0,0.0,0.0,0.0,0.1557500591978666,0.143082908556425,0.004145331992610506,0.0037675719365481853,0.0033999964234399833,0.0031135192485828842,0.0028310560969735145,0.0026359996345662207,0.0024153341449864433,0.0022527900345761195,0.002110900536878662,0.001960566670333205,0.0018391701998438446,0.0017291625929282855,0.001629221967330473,0.001538263845403111,0.0014552370992013232,0.0013791071846739136,0.001308891342403129,0.0012438058296869504,0.0011832992506533785,0.0011283260043233015,0.0010834492607720177,0.0010225755363038364,0.0009911637980464193,0.0009392950459164847,0.0009019992081094928,0.0008632577051811359,0.000831682760720448,0.000793086975641033,0.0007611277684997588,0.0007310192391177139,0.0006985860705967455,0.0006689981802486871,0.0006381359475968655,0.000607035335419109,0.0005740276575705872,0.0005378599338746984,0.000493239010320117,0.00042112200594829525,0.0015067339042729717
0.0,0.0,0.0,0.0,0.0,0.0,0.0,0.0,0.0,0.0,0.1557477016995852,0.14308071258516208,0.00414524211392386,0.003767490046601021,0.0033999222417066158,0.0031134511274213575,0.0028309938971481977,0.002635941589337345,0.002415280729904344,0.002252740077450659,0.002110853591645889,0.001960522886005099,0.001839128988193605,0.0017291237099853135,0.001629185198889801,0.0015382290001177735,0.001455204007595974,0.0013790756990581753,0.001308861335878497,0.0012437771909064,0.0011832718783011246,0.001128299787104455,0.0010834239778722693,0.0010225515075875454,0.0009911404273108446,0.0009392727335563741,0.0009019776534957347,0.0008632369319977581,0.0008316626162298326,0.0007930675914514352,0.0007611090029869784,0.0007310010416623179,0.000698568476836234,0.0006689811179493868,0.0006381194234751867,0.0006070193301026766,0.0005740121807311073,0.0005378450073801926,0.0004932247549531563,0.00042110900979406874,0.001506766671900587
0.0,0.0,0.0,0.0,0.0,0.0,0.0,0.0,0.0,0.0,0.15574586203327467,0.1430789989659484,0.004145171977375654,0.0037674261440403434,0.003399864354226139,0.0031133979692889047,0.0028309453597116833,0.0026358962939269964,0.0024152390476143547,0.002252701093566172,0.0021108169580823133,0.0019604887190434565,0.0018390968288129808,0.0017290933678040235,0.0016291565067536782,0.0015382018087098206,0.0014551781846666404,0.0013790511293577442,0.0013088379203821216,0.0012437548427247829,0.0011832505183728133,0.0011282793285808368,0.0010834042484415968,0.0010225327568549592,0.000991122190031425,0.0009392553221768921,0.000901960833421217,0.0008632207217099608,0.0008316468965404392,0.0007930524650605316,0.0007610943593785675,0.0007309868413356851,0.0006985547476009915,0.0006689678034382156,0.0006381065289292167,0.0006070068404047358,0.0005740001034284812,0.0005378333595375223,0.0004932136308227383,0.0004210988682863162,0.0015067922420149223
0.0,0.0,0.0,0.0,0.0,0.0,0.0,0.0,0.0,0.0,0.15574442645550102,0.14307766174862716,0.004145117246542596,0.0037673762778796947,0.0033998191819142546,0.003113356487508757,0.002830907483676965,0.0026358609477971197,0.0024152065209714947,0.002252670672615491,0.0021107883711971045,0.001960462056963249,0.0018390717333422587,0.0017290696903790401,0.001629134116936209,0.0015381805899808212,0.0014551580338255945,0.0013790319564698998,0.0013088196481737529,0.0012437374033921016,0.0011832338502204668,0.0011282633638367862,0.001083388852642915,0.0010225181247802257,0.000991107958628243,0.0009392417352621074,0.0009019477079293866,0.0008632080720632654,0.0008316346297306523,0.00079304066122934,0.0007610829322851647,0.0007309757601558128,0.0006985440340357922,0.0006689574135016305,0.0006380964667111447,0.0006069970941085403,0.0005739906789436623,0.0005378242701804183,0.0004932049501428304,0.0004210909543928901,0.001506812195572586
0.0,0.0,0.0,0.0,0.0,0.0,0.0,0.0,0.0,0.0,0.15574330620693613,0.14307661825532955,0.004145074537510515,0.0037673373649793045,0.003399783931843873,0.003113324117333118,0.002830877927233341,0.0026358333655567166,0.002415181138908849,0.0022526469337230642,0.002110766063511855,0.0019604412512934793,0.001839052150171232,0.0017290512137755122,0.001629116645113124,0.0015381640320129113,0.0014551423091806637,0.001379016994967648,0.0013088053895138757,0.0012437237946641268,0.001183220843280622,0.0011282509057993742,0.001083376838580219,0.001022506706687091,0.000991096853197883,0.0009392311327562266,0.000901937465493445,0.0008631982009515659,0.0008316250573645216,0.0007930314501470885,0.0007610740151890514,0.0007309671129922272,0.0006985356737391504,0.0006689493057475528,0.0006380886146911697,0.0006069894886171999,0.0005739833245768095,0.0005378171773294157,0.000493198176201782,0.0004210847788112423,0.001506827766268056
