0.0,0.0,0.0,0.0,0.0,0.0,0.0,0.0,0.0,0.0017280165818170743,0.1980990321993808,0.0,0.0,0.0,0.0,0.0,0.0,0.0,0.0,0.0,0.0,0.0,0.0,0.0,0.0,0.0,0.0,0.0,0.0,0.0,0.0,0.0,0.0,0.0,0.0,0.0,0.0,0.0,0.0,0.0,0.0,0.0,0.0,0.0,0.0,0.0,0.0,0.0,0.0,0.0,0.0
0.0,0.0,0.0,0.0,0.0,0.0,0.0,0.0,0.0,0.0017280165818170743,0.1980990321993808,0.0,0.0,0.0,0.0,0.0,0.0,0.0,0.0,0.0,0.0,0.0,0.0,0.0,0.0,0.0,0.0,0.0,0.0,0.0,0.0,0.0,0.0,0.0,0.0,0.0,0.0,0.0,0.0,0.0,0.0,0.0,0.0,0.0,0.0,0.0,0.0,0.0,0.0,0.0,0.0
0.0,0.0,0.0,0.0,0.0,0.0,0.0,0.0,0.0,0.0013250328865716655,0.1533510834248213,0.0014355943854854314,0.0014266052601873097,0.0014199272594646393,0.0014185933957706932,0.0014191112658237495,0.0014257493049045639,0.0014323071639841874,0.0014460203588486816,0.0014575103951917163,0.0014771854405437933,0.0014980039334220258,0.0015225316972696066,0.0015508898005755396,0.0015829945847482504,0.0016192607822188012,0.0016601429744532248,0.0017060080256625558,0.001757427427564506,0.0018155737879817866,0.0018805312302521881,0.0019505453862456615,0.002034744327786856,0.002127873161082522,0.002231264930082958,0.0023509441794895107,0.0024899187839594484,0.002648436837710375,0.0028329646075886945,0.003053725662392302,0.003314683213885942,0.0036330345709234576,0.004026563018687234,0.004525343419255476,0.005176500565160947,0.006067082041560235,0.007352799445167177,0.009387220008319774,0.013168952927426732,0.02407315363906065,0.02640700649792619
0.0,0.0,0.0,0.0,0.0,0.0,0.0,0.0,0.0,0.0011478537473168934,0.13290093420648866,0.0013044249474851424,0.001301744039700799,0.0013015514912430263,0.0013059589440690357,0.001312187696535263,0.0013237185337687401,0.001336231141099473,0.0013544396145081289,0.0013716137608118574,0.0013965244702836832,0.0014228262110030183,0.0014529523157588975,0.001487222119027662,0.001525654197239444,0.001568715778133992,0.0016169687952004577,0.001670912220699082,0.0017312500470458973,0.0017993044290635085,0.0018753309652316508,0.001958310273684179,0.002058003629911546,0.002166845808136221,0.0022919492567646865,0.0024344007238338776,0.002602481342102139,0.0027955416393983844,0.003024834473239861,0.0032984062427878626,0.003628871855599122,0.004039378156093802,0.0045547477882843575,0.005223851387187253,0.006122135245412681,0.0073928817457632155,0.00930994693751589,0.012537936648050934,0.019135336719102745,0.04358138599995819,0.09645408688954953
0.0,0.0,0.0,0.0,0.0,0.0,0.0,0.0,0.0,0.0010273240975874369,0.11893314555790499,0.0011561628087244404,0.0011549793601053598,0.0011561155036844321,0.0011612944165649193,0.001168164858237339,0.0011796685322076226,0.0011923469441473072,0.0012098743887151253,0.0012267987434621756,0.0012506314584855053,0.001275836962863846,0.0013045690844210197,0.0013371732974614293,0.0013736970077814564,0.0014145804934220987,0.0014603666205637899,0.0015115486439622357,0.0015688114512413364,0.0016334058529152813,0.0017055807051877486,0.0017847582107406918,0.0018797896956917113,0.0019833216882545667,0.00210352254733537,0.0022398470332612714,0.002401471985489995,0.0025876134895752444,0.0028101491587636885,0.0030754816221173443,0.0033982937373328624,0.0038015254242576364,0.004310437022867355,0.0049761722520249,0.005877979402070476,0.007166836341532711,0.009137880192743827,0.012519125656920555,0.019622672682740316,0.04786239813400677,0.1744295822322058
0.0,0.0,0.0,0.0,0.0,0.0,0.0,0.0,0.0,0.0009396147452580027,0.10875942610033587,0.0010382039056586517,0.0010374194633099843,0.0010387483813042646,0.0010437024308596412,0.0010502009014988613,0.001060843088328717,0.0010726205524508794,0.0010887045543441984,0.0011043341619683227,0.0011261764450231381,0.0011492937087620165,0.001175616380331154,0.0012054706897842394,0.0012389082119649189,0.0012763316069465144,0.0013182407693507897,0.001365092900561698,0.0014175203701522658,0.0014766682505171977,0.0015427644775050278,0.0016153969690445864,0.0017025351428005511,0.0017974315288756763,0.0019079370983269078,0.0020331303863302713,0.0021817718586366105,0.002353117494011384,0.002558389227507998,0.002803095693921312,0.00310149393099247,0.003474869617141234,0.003946909586832425,0.004565889129794933,0.0054067589151597425,0.006612372948022132,0.008464080347398156,0.011659220124303215,0.018429671307163078,0.04593957693988947,0.24287466563118557
0.0,0.0,0.0,0.0,0.0,0.0,0.0,0.0,0.0,0.0008745501032444002,0.1012097881656396,0.0009479257530990003,0.0009472239640183924,0.0009484555973915014,0.0009529985233135386,0.0009589569800322431,0.0009686971742571681,0.0009794836925787376,0.0009941986299453701,0.0010085111971671376,0.00102849526455327,0.001049650981091513,0.0010737389161282061,0.001101058775791496,0.0011316590701511175,0.0011659084508871232,0.0012042650645911607,0.0012471483975935607,0.0012951384816372836,0.001349283886038317,0.0014097922131014635,0.0014763097994943736,0.0015561014477400235,0.0016430002447929701,0.0017442477475481304,0.0018589348853678123,0.001995138983979809,0.0021521812171127544,0.0023403987436216188,0.0025647695566786764,0.002838504516039975,0.003181140871429255,0.0036144864841767717,0.004183022927128197,0.004955861607589803,0.00606471776845172,0.007769502743056528,0.01071512584578243,0.016969647819924133,0.04252354206210553,0.29788927859034503
0.0,0.0,0.0,0.0,0.0,0.0,0.0,0.0,0.0,0.0008259349387674814,0.0955679507502215,0.0008795185627272005,0.0008788056068983805,0.0008798822235759021,0.0008840341039816522,0.0008894980257823498,0.0008984736660566637,0.0009084083345120142,0.0009219971572721026,0.000935201837880325,0.0009536652341311243,0.0009732120209589998,0.0009954745539320295,0.0010207285034284416,0.0010490178777669986,0.0010806837554136744,0.0011161496023531497,0.001155802838607971,0.0012001796417119154,0.0012502501085625273,0.00130620496188894,0.0013677104406688962,0.0014414893062959055,0.0015218523180988747,0.0016154536305677228,0.0017214973361209345,0.0018474175050663658,0.0019925952524742522,0.002166564248349336,0.002373955240721419,0.0026269327517587406,0.0029435427214921524,0.003343930884104291,0.0038691438437498424,0.004582969922792548,0.0056069541810847365,0.007180910504359011,0.00989975300032118,0.015670923175477643,0.03924142975863159,0.34050825761281867
0.0,0.0,0.0,0.0,0.0,0.0,0.0,0.0,0.0,0.0007895043793706536,0.09133981909117903,0.0008279011221694074,0.0008271539840020427,0.0008280852418424432,0.0008319142750954537,0.0008369751929320769,0.0008453455776400717,0.0008546021458549793,0.0008673101880045048,0.0008796403881449245,0.000896916900633477,0.0009152066881314122,0.0009360455420018706,0.0009596896212807548,0.0009861787677653419,0.0010158326182710638,0.001049047397700057,0.0010861851015465153,0.0011277473382202237,0.0011746431105698364,0.0012270498847354165,0.0012846402752691951,0.0013537253528524743,0.0014289893952586627,0.0015165991475229637,0.0016158806516244936,0.0017337383708741212,0.0018696022347128734,0.002032352687310503,0.0022263779257145223,0.002462963179976626,0.0027589704681188366,0.0031332068990503645,0.003623929044779458,0.004290590552213651,0.0052464503455226024,0.006714791853348336,0.009249164203679655,0.014622860085338864,0.036518569533462,0.3729850799343246
0.0,0.0,0.0,0.0,0.0,0.0,0.0,0.0,0.0,0.0007621716548155519,0.08816745553462753,0.0007890380536098914,0.0007882559914208696,0.0007890676811936746,0.0007926437323553016,0.0007973905801468594,0.0008052951513613468,0.0008140285745992013,0.0008260623940100771,0.000837720457094396,0.0008540892901140916,0.0008714173528836499,0.0008911677968929852,0.0009135816012856494,0.0009386951962599378,0.000966811848154959,0.00099830688939237,0.0010335227350022525,0.0010729344388685405,0.0011174043347083914,0.0011670997210767532,0.0012216949312607826,0.0012871901161574785,0.0013585554381126076,0.0014415749169979367,0.0015356794478012428,0.0016473589780375128,0.0017760814622333869,0.0019302187859545608,0.0021139834702408136,0.002337966698165174,0.002618118194334945,0.002972207075288276,0.003436318598172136,0.004066529325126356,0.004969641130231309,0.006356004275639373,0.008746724969047189,0.013809472717269197,0.03438061473501888,0.3975448973619496
0.0,0.0,0.0,0.0,0.0,0.0,0.0,0.0,0.0,0.0007416545187321701,0.08578609185437369,0.0007598132629943024,0.0007590016178888881,0.0007597197345443724,0.0007631019654005402,0.0007676087900355372,0.0007751594202637654,0.0007834948930947557,0.0007950177018914873,0.0008061653651411982,0.000821846551357609,0.0008384458740016205,0.0008573718822537976,0.000878853963492322,0.0009029258835046968,0.0009298785163349693,0.0009600713455278525,0.0009938319038212897,0.0010316150863357155,0.0010742478900502815,0.001121889899809494,0.001174215633708451,0.001236991083373327,0.0013054030788526285,0.001384942157007401,0.0014751227569294696,0.0015821174313101199,0.0017054231897341665,0.001853023456508682,0.0020290011405694674,0.0022434139808021644,0.002511518128944012,0.0028502912917036318,0.0032941604639232496,0.00389662181507051,0.004759542952594742,0.006083373123421514,0.008364354256429294,0.013189065203450253,0.03274126572718399,0.41605042987452956
0.0,0.0,0.0,0.0,0.0,0.0,0.0,0.0,0.0,0.0007262502705937013,0.08399814702682945,0.0007378510701251831,0.0007370159823704803,0.0007376624451389495,0.0007408977163546383,0.0007452227641939604,0.000752506079348072,0.0007605408381431413,0.0007716781693420712,0.0007824404658147684,0.0007976030414089612,0.0008136527081795522,0.000831956990033748,0.0008527364989535331,0.0008760229625048241,0.0009020979122777602,0.0009313088713836403,0.0009639721312293864,0.0010005273687644237,0.001041774937759907,0.0010878686014578125,0.001138482615310436,0.001199206872650923,0.0012653916423354485,0.0013423048473280132,0.001429525415580475,0.00153298531517244,0.0016522035588058376,0.0017948694554394207,0.0019649694159370344,0.002172156116631421,0.0024311617564793954,0.002758365367064568,0.0031869385320690475,0.0037684234491263007,0.004600951126046058,0.005877466638752631,0.008075357006101496,0.01271965894091749,0.03149783794771606,0.42996978582570056
0.0,0.0,0.0,0.0,0.0,0.0,0.0,0.0,0.0,0.0007146837786045167,0.08265563666248585,0.000721352653581146,0.0007204995099350061,0.0007210916544684461,0.0007242160471567676,0.0007284040260570536,0.0007354860400018864,0.0007432942880064652,0.0007541415059920842,0.0007646136449258354,0.0007793859513479707,0.0007950219671771456,0.0008128584001742367,0.0008331092464942942,0.0008558046893926963,0.0008812192313303861,0.0009096913921423508,0.0009415289974990648,0.0009771602668894733,0.0010173655069761179,0.001062294098550398,0.0011116199530688162,0.0011708006271459969,0.001235309394134317,0.0013102461889561207,0.001395239009634022,0.001496038336121507,0.0016121797724174306,0.0017511308807276495,0.001916805911090791,0.0021185517186790483,0.0023707058960440257,0.0026891962983613027,0.0031062480389336226,0.0036719300299462676,0.004481555832584144,0.005722409971540585,0.007857653274097088,0.012365870310398657,0.030559558062756495,0.44043063976398156
0.0,0.0,0.0,0.0,0.0,0.0,0.0,0.0,0.0,0.0007059986073613743,0.08164755528236768,0.000708961144437989,0.0007080942747406089,0.0007086454409047806,0.0007116863783686518,0.0007157712182294383,0.0007227018595328558,0.000730339756498404,0.0007409688806116603,0.0007512228453213262,0.0007657017803446247,0.0007810268412696544,0.00079851159170521,0.0008183650501304975,0.0008406162350601268,0.0008655343655471927,0.0008934511925345485,0.00092466817555063,0.0009596049193771036,0.0009990266619538588,0.001043079489137675,0.0010914370000517173,0.0011494573386964652,0.0012127062474601889,0.0012861572110643641,0.0013694753130835604,0.0014682744437716666,0.0015821026914552764,0.0017182607749184715,0.0018806088677007053,0.0020782635673388464,0.002325265718375511,0.0026372037792321166,0.0030455907492101934,0.003599386997912005,0.004391786132686207,0.005605812621756891,0.00769391955063561,0.012099721378147346,0.02985329813681916,0.44828903230176365
0.0,0.0,0.0,0.0,0.0,0.0,0.0,0.0,0.0,0.0006994768954928206,0.08089058393462469,0.000699655183024903,0.0006987779438437757,0.0006992982679837077,0.0007022764650268377,0.0007062837772407259,0.0007131006712319913,0.0007206105518045297,0.0007310758150102605,0.0007411658410095776,0.0007554243623547986,0.0007705157962884034,0.0007877363256432083,0.0008072912274542813,0.0008292086437228575,0.0008537538241971477,0.0008812534339010733,0.0009120041485437262,0.0009464190998472538,0.0009852522048054064,0.0010286470735292313,0.001076277050606313,0.0011334256148393498,0.0011957279835599181,0.0012680625745149286,0.0013501224077702716,0.0014474186919410082,0.0015595088996211703,0.0016935683414630448,0.0018534166247990047,0.0020479972159598843,0.0022911279660014555,0.0025981422515214047,0.0030000178159663386,0.0035448817786001936,0.004324334246535369,0.005518197231642256,0.0075708738992101435,0.011899686266601883,0.029322328854543403,0.454191188163334
0.0,0.0,0.0,0.0,0.0,0.0,0.0,0.0,0.0,0.0006945796987866114,0.08032216870845456,0.0006926668323090203,0.000691781783220644,0.0006922789212059745,0.0006952099784269695,0.0006991590445111256,0.0007058904943802992,0.0007133042092871864,0.0007236463930165517,0.0007336132746042758,0.0007477062405749846,0.0007626221934912994,0.0007796442641532663,0.0007989749187358926,0.0008206416403486973,0.000844906697417486,0.000872092934736435,0.0009024934345123533,0.0009365164662076293,0.0009749074436595908,0.0010178081173335192,0.001064891633240732,0.0011213853974666671,0.0011829768114906436,0.001254472863527255,0.0013355875845035262,0.001431755035266493,0.0015425397387856333,0.001675022789131881,0.0018329933470053522,0.002025264787349255,0.0022654874521806307,0.002568803090136693,0.0029657873200228603,0.003503941252540433,0.004273667818210236,0.005452382948639435,0.007478441538250957,0.011749409995108063,0.028923382485810733,0.4586236308058077
0.0,0.0,0.0,0.0,0.0,0.0,0.0,0.0,0.0,0.0006909023516246731,0.07989534066116238,0.0006874190499397295,0.0006865281275463967,0.0006870078448328943,0.000689903493971972,0.0006938088112181245,0.0007004760888759115,0.0007078175781205221,0.0007180673271383785,0.0007279417228160484,0.0007419103547705257,0.0007566945190383589,0.0007735675452681325,0.0007927297884154575,0.0008142082365555629,0.0008382629191329696,0.0008652138118546877,0.0008953512980467942,0.0009290799954586598,0.0009671389320121897,0.0010096684615253607,0.0010563415781148207,0.0011123435800451653,0.001173401059958679,0.0012442673528389272,0.0013246722792732612,0.0014199919528802884,0.001529796192198437,0.0016610953256965422,0.0018176556569491301,0.0020081928419082387,0.0022462314154022014,0.002546769198956595,0.0029400797784145147,0.003473194070937877,0.004235615809198965,0.0054029536779238736,0.007409019548393529,0.011636540508517805,0.02862372099982319,0.46195216775275594
0.0,0.0,0.0,0.0,0.0,0.0,0.0,0.0,0.0,0.0006881409969256205,0.079574831389337,0.0006834783756284666,0.0006825830396108468,0.0006830496717582862,0.0006859187287204469,0.0006897911902846716,0.0006964102760892589,0.0007036975251075787,0.0007138778590157305,0.000723682800222334,0.000737558062147295,0.0007522432581113921,0.0007690043578828541,0.0007880401308866224,0.0008093771933716834,0.0008332738934044175,0.0008600480520998037,0.0008899880259845822,0.0009234956904760063,0.0009613052779414517,0.001003556093358834,0.0010499210157420605,0.0011055537233052985,0.0011662102398352315,0.0012366036055066047,0.001316475502181345,0.0014111585242191013,0.001520226467172635,0.0016506365143411426,0.0018061378077295505,0.001995372613048151,0.002231770986571801,0.0025302226615422814,0.0029207743965041035,0.0034501039913218024,0.004207039876839133,0.005365833470744864,0.00735688474715688,0.011551776054908593,0.028398668806633852,0.46445166426253104
0.0,0.0,0.0,0.0,0.0,0.0,0.0,0.0,0.0,0.0006860674686408478,0.07933415781480264,0.0006805192598195856,0.0006796206083214429,0.0006800774132858996,0.0006829265004433269,0.0006867742887422507,0.0006933571851734662,0.000700603702673149,0.0007107319101991976,0.0007204846951218236,0.0007342898421392574,0.0007489007192003463,0.0007655777694273815,0.0007845185715807313,0.0008057494626635944,0.0008295275281389528,0.000856168971154248,0.0008859606262231158,0.0009193023094332315,0.0009569246520057122,0.000998966171302228,0.0010450996595122244,0.001100455050704824,0.001160810469607682,0.001230848696330215,0.0013103203212415486,0.0014045252573471295,0.0015130402867760914,0.0016427826831042155,0.0017974887023196394,0.001985745496107577,0.002220912172567171,0.0025177972958390087,0.0029062772871006415,0.0034327647701784232,0.0041855810528327285,0.005337958296619101,0.007317734260772786,0.011488121939264266,0.028229662258166366,0.46632858578596953
0.0,0.0,0.0,0.0,0.0,0.0,0.0,0.0,0.0,0.0006845104356350286,0.07915343362564742,0.0006782972208179768,0.000677396079221064,0.0006778455043174667,0.0006806795953902639,0.0006845088556787455,0.000691064576528848,0.0006982805075681912,0.0007083695721569026,0.0007180831915582782,0.0007318356876704731,0.0007463907569299498,0.0007630046924303605,0.0007818741788221791,0.000803025343405872,0.0008267143235277869,0.0008532561073634873,0.0008829363865054764,0.0009161534306379907,0.0009536351668011316,0.0009955195209155722,0.001041479219825262,0.001096626367755209,0.0011567556855551545,0.001226527229881224,0.00130569828125404,0.001399544211049186,0.001507644044120487,0.0016368850844919454,0.0017909939122049221,0.001978516291546546,0.0022127580536745713,0.002508466810323516,0.002895391070667437,0.0034197443288561417,0.004169467076660819,0.005317026079224212,0.007288335032133172,0.011440322047729795,0.028102748778799955,0.46773799430228036
0.0,0.0,0.0,0.0,0.0,0.0,0.0,0.0,0.0,0.0006833412439694571,0.07901772602000702,0.0006766286658549797,0.0006757256542393834,0.0006761695375149141,0.0006789923676655074,0.0006828077148541895,0.0006893430290529746,0.000696535992125676,0.0007065956636182773,0.0007162798729157529,0.0007299928325856308,0.0007445059948295289,0.0007610725364372114,0.0007798884706524579,0.000800979767302448,0.0008246018517774945,0.0008510687999095315,0.0008806654450501499,0.000913788895661493,0.000951165048170195,0.0009929313843733605,0.0010387605819903454,0.0010937513565883726,0.0011537108913274175,0.001223282179265788,0.001302227524877459,0.001395803870650685,0.0015035919255520895,0.001632456488811837,0.0017861168748159841,0.0019730877689857346,0.0022066349958162292,0.002501460396618339,0.002887216428654599,0.0034099670552016578,0.004157366804863435,0.00530130768878961,0.007266258577027742,0.01140442810682041,0.028007446366664166,0.46879633684846866
0.0,0.0,0.0,0.0,0.0,0.0,0.0,0.0,0.0,0.0006824632862150129,0.07891582181578884,0.0006753757297976642,0.0006744713138985234,0.0006749110356877066,0.0006777254098182704,0.0006815303094328744,0.0006880502999829599,0.0006952260160698613,0.0007052636158880123,0.0007149257407210333,0.0007286090119463928,0.0007430907056478267,0.0007596216585489934,0.0007783973797236171,0.0007994437207485534,0.0008230155723969945,0.0008494263254094363,0.0008789601686719636,0.000912013338668734,0.0009493102070119413,0.0009909879220000952,0.0010367191244431877,0.001091592476212105,0.0011514245185847475,0.0012208454312676476,0.0012996212913671619,0.0013929952028092138,0.001500549139188416,0.0016291310005237742,0.0017824546453894519,0.0019690114215261552,0.0022020371118446165,0.0024961991879379453,0.0028810779801523414,0.0034026251666185075,0.004148280541572108,0.005289504523765827,0.007249681039053183,0.011377474787598487,0.027935882142537748,0.46959105824602915
0.0,0.0,0.0,0.0,0.0,0.0,0.0,0.0,0.0,0.0006818040189163425,0.07883930092450123,0.0006744348869920161,0.0006735294165765216,0.0006739660134343794,0.000676774037823938,0.0006805710922168262,0.000687079576051143,0.0006942423411616327,0.0007042633670982806,0.0007139089084385649,0.00072756988626199,0.0007420279498639929,0.0007585321787882252,0.000777277703520517,0.0007982902868415901,0.0008218244180744366,0.000848192973516196,0.0008776796581158888,0.0009106800535788707,0.0009479173865164133,0.0009895285547989153,0.0010351861715127125,0.0010899713490999043,0.0011497076559599444,0.0012190156500773235,0.001297664241502167,0.0013908861425970945,0.0014982642765826737,0.0016266338536389568,0.0017797046355318962,0.0019659504454091997,0.0021985845075856453,0.0024922484849940222,0.0028764685469371094,0.0033971120551547465,0.0041414575570210286,0.005280641382757326,0.007237232758849365,0.01135723519388671,0.02788214358699522,0.47018782304378515
0.0,0.0,0.0,0.0,0.0,0.0,0.0,0.0,0.0,0.0006813089684746037,0.07878184061782702,0.0006737283984683349,0.0006728221361961286,0.000673256386500456,0.0006760596427940246,0.0006798508061183707,0.0006863506494312106,0.0006935036895075394,0.000703512269934967,0.0007131453585461648,0.0007267895960106958,0.0007412299155126729,0.0007577140771112872,0.0007764369270063306,0.000797424161300321,0.0008209299678629409,0.0008472668366901444,0.0008767181093371957,0.0009096788758287936,0.0009468715029825811,0.0009884327006197153,0.0010340350610055042,0.0010887540276373392,0.0011484184456572696,0.0012176416479839462,0.0012961946719672068,0.0013893024268221464,0.0014965485488545708,0.001624758719297312,0.0017776396235878332,0.0019636519254449805,0.0021959919096810544,0.002489281859210656,0.002873007273182012,0.0033929721991777166,0.004136334102429048,0.005273985951264845,0.0072278852047542655,0.011342037050807371,0.027841790666384935,0.4706359399252087
0.0,0.0,0.0,0.0,0.0,0.0,0.0,0.0,0.0,0.0006809372301203318,0.07873869309572677,0.0006731978890547343,0.0006722910321656395,0.0006727235204150708,0.0006755231962929882,0.0006793099359499029,0.000685803291003363,0.0006929490284477499,0.0007029482634114588,0.0007125720011364438,0.0007262036680898209,0.000740630663360748,0.0007570997561941418,0.0007758055793163294,0.0007967737787603789,0.0008202583160315347,0.0008465713910481149,0.000875996072489151,0.000908927081171135,0.000946086138283675,0.0009876098124397671,0.00103317068026884,0.0010878399283996522,0.001147450364335761,0.001216609895614365,0.0012950911570012802,0.001388113198242747,0.0014952601911080454,0.0016233506614402753,0.0017760889846331774,0.0019619259428445266,0.0021940451008339943,0.002487054188852074,0.002870408166387589,0.0033898635377357213,0.004132486846232805,0.005268988317103937,0.007220866026554259,0.01133062460143482,0.027811489214885386,0.4709724354716298
0.0,0.0,0.0,0.0,0.0,0.0,0.0,0.0,0.0,0.0006806580880520096,0.07870629318747371,0.0006727995241717389,0.0006718922207774274,0.0006723233858804974,0.000675120373186612,0.0006789037910653294,0.0006853922740177013,0.0006925325278400416,0.000702524745198894,0.0007121414612468263,0.000725763688874176,0.000740180678843002,0.0007566384563857712,0.0007753314939293553,0.0007962853999091265,0.0008197539658509502,0.0008460491738508587,0.0008754538876822952,0.0009083625509195006,0.0009454963999433648,0.0009869918973322187,0.0010325216079739084,0.001087153521971334,0.0011467234222060758,0.0012158351422392327,0.001294262516354335,0.0013872201943609058,0.0014942927501133548,0.0016222933363978453,0.001774924593973919,0.001960629884830594,0.002192583222108339,0.002485381408310662,0.002868456470377074,0.003387529211851079,0.0041295979018670815,0.005265235541935382,0.007215595252836013,0.011322054874282405,0.02778873553591003,0.47122511338948886
0.0,0.0,0.0,0.0,0.0,0.0,0.0,0.0,0.0,0.0006804484774657974,0.07868196377053566,0.0006725003879637291,0.0006715927492836198,0.0006720229208221652,0.0006748178892520331,0.0006785988127733966,0.0006850836372153517,0.00069221977332988,0.0007022067210978462,0.0007118181644968916,0.0007254333040383374,0.0007398427809240495,0.0007562920617000448,0.0007749754984226907,0.0007959186712948548,0.0008193752442031594,0.0008456570356786644,0.000875046755629117,0.000907938639444726,0.0009450535594585873,0.0009865278986265224,0.0010320342130193372,0.0010866380924363654,0.0011461775540008215,0.0012152533720831864,0.0012936402816976582,0.0013865496286960338,0.0014935662888625777,0.0016214993802998855,0.0017740502412135618,0.0019596566617113118,0.0021914854825252584,0.002484125300401831,0.0028669909219940955,0.003385776342784835,0.004127428564109656,0.005262417544780781,0.0072116373749994385,0.011315619778400881,0.027771649564090117,0.47141485178978143
0.0,0.0,0.0,0.0,0.0,0.0,0.0,0.0,0.0,0.0006802910787686781,0.07866369456668586,0.0006722757635725673,0.0006713678731227759,0.0006717972985834925,0.0006745907510186387,0.0006783698015017138,0.0006848518787311329,0.000691984922817124,0.0007019679135959844,0.0007115753977095841,0.0007251852147356371,0.0007395890499712453,0.0007560319504391451,0.0007747081778082679,0.0007956432910814055,0.0008190908582995804,0.0008453625751712604,0.0008747410360648831,0.0009076203200431579,0.000944721026072014,0.0009861794773179237,0.0010316682232308233,0.0010862510511979037,0.0011457676560570245,0.001214816515001287,0.0012931730394128988,0.0013860460941681888,0.0014930207817736177,0.001620903190646904,0.001773393680892929,0.0019589258586369335,0.0021906611787769347,0.002483182076273108,0.002865890426890511,0.0033844600956667624,0.004125799586426464,0.00526030148217191,0.00720866536440685,0.01131078759958586,0.027758819533945853,0.4715573282667612
0.0,0.0,0.0,0.0,0.0,0.0,0.0,0.0,0.0,0.0006801728865041282,0.07864997603778888,0.0006721070908566518,0.0006711990113503947,0.0006716278765736771,0.0006744201906330484,0.0006781978346327346,0.0006846778489525295,0.0006918085712030697,0.0007017885906388966,0.0007113931016850958,0.0007249989219806601,0.0007393985208443021,0.000755836630274507,0.0007745074440673659,0.0007954365053063187,0.0008188773100609607,0.0008451414618110356,0.0008745114681653462,0.0009073812907987079,0.0009444713234028853,0.000985917844247925,0.0010313933978120633,0.001085960418033064,0.0011454598595616356,0.0012144884746171404,0.001292822182473436,0.0013856679850172758,0.0014926111550031115,0.0016204555058276639,0.001772900663130189,0.001958377091241134,0.0021900422007813157,0.002482473799763353,0.0028650640540178003,0.0033834717124275123,0.004124576370646883,0.005258712509399942,0.007206433651641645,0.011307159067688673,0.027749185334491853,0.4716643152877098
0.0,0.0,0.0,0.0,0.0,0.0,0.0,0.0,0.0,0.0006800841347440685,0.07863967465647814,0.000671980432817371,0.0006710722113466829,0.000671500655882008,0.000674292115123526,0.0006780687029806522,0.0006845471682408238,0.0006916761470017263,0.0007016539352261422,0.0007112562137660784,0.0007248590328764652,0.0007392554506057312,0.0007556899623974798,0.0007743567110814035,0.0007952812277869381,0.000818716954539611,0.0008449754255636874,0.0008743390833192874,0.0009072018013334713,0.000944283819155569,0.0009857213813424478,0.001031187028639035,0.0010857421786642984,0.0011452287320751079,0.001214242145790641,0.001292558720465742,0.0013853840590495057,0.0014923035621373139,0.0016201193347896807,0.0017725304511282593,0.00195796501627808,0.0021895774039714577,0.002481941947799454,0.002864443522304902,0.0033827295254976195,0.004123657845595504,0.005257519333735835,0.007204757836035927,0.011304434366508763,0.02774195091693246,0.47174465291825957
0.0,0.0,0.0,0.0,0.0,0.0,0.0,0.0,0.0,0.0006800174901548997,0.07863193924565491,0.0006718853240216856,0.0006709769959484679,0.0006714051245849612,0.0006741959419351428,0.0006779717367241847,0.0006844490387798931,0.0006915767083368744,0.0007015528211221856,0.0007111534232506963,0.0007247539887409297,0.0007391480177243761,0.0007555798280132019,0.0007742435241659151,0.0007951646283355709,0.0008185965419654619,0.0008448507472752171,0.0008742096378041541,0.0009070670208882986,0.000944143020329874,0.0009855738553701818,0.0010310320639507664,0.0010855783005265887,0.001145055176120066,0.0012140571749964162,0.0012923608841933245,0.0013851708561835013,0.001492072587559376,0.0016198669005745999,0.0017722524552107187,0.001957655585041646,0.0021892283833695545,0.002481542574807368,0.0028639775587965552,0.003382172209862065,0.004122968115889135,0.005256623366118924,0.00720349944922669,0.011302388360958102,0.027736518519918194,0.4718049792531898
0.0,0.0,0.0,0.0,0.0,0.0,0.0,0.0,0.0,0.0006799674460626745,0.07862613064787569,0.0006718139058704424,0.0006709054977483079,0.0006713333891731877,0.0006741237245207043,0.0006778989237869403,0.0006843753523807131,0.0006915020388432972,0.0007014768935245279,0.0007110762368188328,0.0007246751100430206,0.0007390673452931998,0.0007554971269963022,0.0007741585309726206,0.0007950770726347543,0.0008185061229523869,0.0008447571250943444,0.000874112435864821,0.0009069658128963281,0.0009440372930754223,0.0009854630766336927,0.0010309156994075946,0.001085455242784559,0.001144924851207638,0.0012139182785664059,0.0012922123269463043,0.001385010760006759,0.0014918991464253444,0.001619677345183131,0.0017720437052796956,0.0019574232300133875,0.002188966300288436,0.002481242681609838,0.002863627662110339,0.003381753715944328,0.004122450190913204,0.005255950575020625,0.007202554513909709,0.011300851994801488,0.027732439278324736,0.4718502789048537
0.0,0.0,0.0,0.0,0.0,0.0,0.0,0.0,0.0,0.0006799298674505489,0.07862176891338844,0.0006717602772624142,0.000670851809030742,0.0006712795223310326,0.0006740694957378994,0.0006778442478200696,0.0006843200205224885,0.0006914459687696001,0.0007014198787278228,0.0007110182767508594,0.0007246158792354518,0.0007390067675532784,0.0007554350259709567,0.0007740947087289643,0.0007950113261784244,0.0008184382264060818,0.000844686823257121,0.0008740394459509632,0.0009068898147972502,0.0009439579014166908,0.000985379891766289,0.0010308283201017673,0.0010853628374883867,0.0011448269889201164,0.0012138139798401131,0.0012921007738153445,0.001384890542177404,0.0014917689077333274,0.001619535006133113,0.0017718869528568506,0.001957248752285585,0.002188769499466704,0.0024810174887913536,0.0028633649211691993,0.003381439464651992,0.004122061275839039,0.005255445369417252,0.007201844952474731,0.011299698321998982,0.027729376134772107,0.471884294868882
0.0,0.0,0.0,0.0,0.0,0.0,0.0,0.0,0.0,0.0006799016492927905,0.07861849364309775,0.0006717200070013099,0.0006708114936327808,0.000671239073177526,0.0006740287747995175,0.0006778031910866748,0.000684278471273679,0.0006914038651873675,0.0007013770657435824,0.0007109747539529158,0.0007245714022263657,0.0007389612791191415,0.0007553883936864741,0.0007740467839643411,0.0007949619565031519,0.0008183872422066226,0.0008446340329005199,0.0008739846370905809,0.0009068327470603324,0.0009438982854216975,0.000985317427412754,0.0010307627061022341,0.0010852934494221527,0.0011447535031441944,0.001213735660877583,0.0012920170074473879,0.001384800269400275,0.0014916711101896375,0.0016194281223088991,0.0017717692458860132,0.0019571177352049776,0.002188621719750344,0.0024808483892390667,0.002863167626353955,0.003381203490195938,0.004121769235598232,0.005255066005448387,0.007201312135656432,0.011298832017487685,0.027727075989467175,0.4719098377983687
0.0,0.0,0.0,0.0,0.0,0.0,0.0,0.0,0.0,0.0006798804599943508,0.07861603420969833,0.0006716897676572603,0.0006707812203950106,0.0006712086995013711,0.0006739981970373669,0.0006777723611726714,0.000684247271524898,0.0006913722491840436,0.0007013449170431552,0.0007109420722462411,0.0007245380039929469,0.0007389271213964802,0.0007553533770350847,0.0007740107967766152,0.0007949248843174883,0.0008183489576585093,0.0008445943920908439,0.0008739434805661162,0.0009067898943227582,0.0009438535191715068,0.0009852705223014886,0.0010307134358901117,0.0010852413452253887,0.0011446983219360152,0.0012136768503809708,0.0012919541064392555,0.0013847324826640607,0.0014915976730305361,0.001619347862170367,0.001771680858537834,0.001957019353161509,0.0021885107504751016,0.0024807214106846074,0.002863019475692971,0.0033810262946036584,0.004121549939644304,0.0052547811372288065,0.007200912038148856,0.011298181500717357,0.027725348787223596,0.47192901824100036
0.0,0.0,0.0,0.0,0.0,0.0,0.0,0.0,0.0,0.0006798645487370596,0.0786141873964251,0.0006716670606297056,0.0006707584879163206,0.0006711858916024882,0.0006739752358882565,0.0006777492106801993,0.0006842238433197714,0.0006913485084091954,0.0007013207762606951,0.0007109175312240287,0.0007245129249235967,0.0007389014720190194,0.0007553270826794036,0.0007739837736354386,0.0007948970464404482,0.0008183202094063138,0.0008445646254082017,0.0008739125757179955,0.000906757715771155,0.0009438199037440362,0.0009852353007817258,0.0010306764383923312,0.0010852022196600395,0.0011446568858118479,0.0012136326889876212,0.0012919068734396676,0.0013846815809221192,0.0014915425283292228,0.0016192875940251826,0.0017716144875891905,0.0019569454770956562,0.002188427422530322,0.002480626061211059,0.002862908227871707,0.003380893236651382,0.004121385268107063,0.0052545672268178205,0.007200611600906654,0.011297693021132248,0.02772405181368816,0.4719434210282646
0.0,0.0,0.0,0.0,0.0,0.0,0.0,0.0,0.0,0.0006798526008139465,0.0786128006057656,0.0006716500096943584,0.0006707414178694597,0.0006711687649218455,0.0006739579941304776,0.0006777318267425854,0.0006842062508449327,0.0006913306812226084,0.0007013026487043696,0.0007108991031236485,0.0007244940927982098,0.0007388822116435368,0.000755307337983289,0.0007739634816869667,0.0007948761426986226,0.0008182986220546285,0.0008445422733068513,0.0008738893689567413,0.0009067335525731466,0.0009437946615814883,0.0009852088525883246,0.0010306486565991742,0.0010851728398795447,0.001144625771009501,0.0012135995277532373,0.001291871405705269,0.0013846433582921922,0.0014915011196184322,0.0016192423380688651,0.0017715646489763791,0.001956890002814856,0.0021883648507385785,0.0024805544623324673,0.0028628246907639295,0.003380793322096881,0.0041212616145936826,0.005254406599338965,0.007200385999560047,0.011297326216899243,0.027723077903216892,0.4719542362260652
0.0,0.0,0.0,0.0,0.0,0.0,0.0,0.0,0.0,0.0006798436289983251,0.07861175925071291,0.0006716372059755313,0.000670728599799605,0.0006711559043251148,0.0006739450471211671,0.0006777187729690076,0.0006841930404786551,0.0006913172946089186,0.0007012890365400233,0.0007108852652777488,0.0007244799515658692,0.0007388677488338929,0.0007552925114924122,0.0007739482442587901,0.0007948604458686645,0.0008182824118951517,0.0008445254888891605,0.0008738719427663333,0.0009067154081847617,0.0009437757069877802,0.0009851889923739195,0.0010306277949713022,0.0010851507783069096,0.001144602406591509,0.001213574626648847,0.0012918447726268218,0.0013846146565349882,0.0014914700254010668,0.0016192083549161419,0.0017715272246608103,0.001956848346619517,0.002188317864950897,0.0024805006980144866,0.002862761961909593,0.0033807182952531006,0.004121168761926942,0.005254285982549711,0.007200216593240071,0.011297050779911829,0.027722346584049647,0.4719623574668581
0.0,0.0,0.0,0.0,0.0,0.0,0.0,0.0,0.0,0.000679836891971749,0.07861097728673139,0.0006716275915343012,0.0006707189745820439,0.000671146247173695,0.0006739353250816727,0.0006777089707591502,0.0006841831206817658,0.0006913072424660754,0.000701278815028923,0.0007108748743001,0.000724469332772291,0.0007388568885646837,0.0007552813781313072,0.0007739368023207352,0.0007948486589611915,0.0008182702395233809,0.0008445128853011218,0.0008738588572647075,0.0009067017833810518,0.0009437614737927447,0.000985174079139195,0.0010306121297651342,0.001085134212050152,0.0011445848620150701,0.0012135559281591392,0.0012918247735803773,0.0013845931040968608,0.0014914466764405438,0.0016191828366250054,0.0017714991223658856,0.0019568170665635147,0.0021882825828504057,0.002480460325847425,0.0028627148581820295,0.0033806619568415865,0.004121099037925699,0.005254195410189653,0.0072000893843307415,0.011296843951508007,0.027721797429132305,0.4719684557882418
0.0,0.0,0.0,0.0,0.0,0.0,0.0,0.0,0.0,0.0006798318330707414,0.07861039010211374,0.0006716203719536936,0.0006707117469093812,0.0006711389955215759,0.0006739280247044456,0.0006777016101811923,0.000684175671806522,0.0006912996942109233,0.0007012711395934437,0.0007108670716104858,0.0007244613590134045,0.0007388487334793174,0.0007552730179784901,0.0007739282104543824,0.000794839808053834,0.0008182610991670054,0.000844503421140114,0.0008738490312299405,0.0009066915523789272,0.0009437507859434558,0.0009851628806412647,0.001030600366604285,0.0010851217722813529,0.0011445716876161834,0.0012135418872751742,0.0012918097560952787,0.0013845769201543251,0.001491429143471276,0.0016191636746835634,0.0017714780200700133,0.001956793578054892,0.0021882560891663292,0.0024804300099811718,0.0028626794875192983,0.003380619651761806,0.0041210466814719775,0.005254127398493636,0.007199993861881432,0.011296688641979571,0.02772138506318222,0.47197303507909727
0.0,0.0,0.0,0.0,0.0,0.0,0.0,0.0,0.0,0.0006798280342910992,0.07860994917927924,0.0006716149506980107,0.0006707063195772919,0.0006711335501830723,0.0006739225427777693,0.0006776960830491809,0.0006841700783711908,0.0006912940261502203,0.0007012653760317533,0.000710861212492386,0.0007244553714376676,0.0007388426097437034,0.0007552667402556647,0.0007739217587355335,0.0007948331618184886,0.0008182542355814821,0.0008444963144064357,0.0008738416527616175,0.000906683869816542,0.0009437427603299402,0.000985154471576549,0.0010305915335285048,0.0010851124311338598,0.0011445617948275693,0.0012135313438342006,0.001291798479314694,0.0013845647674691202,0.0014914159777883295,0.001619149285789031,0.001771462174143824,0.001956775940297552,0.0021882361947925194,0.0024804072454923274,0.0028626529273329433,0.0033805878844519527,0.004121007366484348,0.005254076327827131,0.0071999221331136105,0.011296572018492783,0.027721075413443288,0.47197647371465284
