0.0,0.0,0.0,0.0,0.0,0.0,0.8294486662515038,0.04942656510463831,0.0,0.0,0.0,0.0,0.0,0.0,0.0,0.0,0.0,0.0,0.0,0.0,0.0,0.0,0.0,0.0,0.0,0.0,0.0,0.0,0.0,0.0,0.0,0.0,0.0,0.0,0.0,0.0,0.0,0.0,0.0,0.0,0.0,0.0,0.0,0.0,0.0,0.0,0.0,0.0,0.0,0.0,0.0
0.0,0.0,0.0,0.0,0.0,0.0,0.8294486662515038,0.04942656510463831,0.0,0.0,0.0,0.0,0.0,0.0,0.0,0.0,0.0,0.0,0.0,0.0,0.0,0.0,0.0,0.0,0.0,0.0,0.0,0.0,0.0,0.0,0.0,0.0,0.0,0.0,0.0,0.0,0.0,0.0,0.0,0.0,0.0,0.0,0.0,0.0,0.0,0.0,0.0,0.0,0.0,0.0,0.0
0.0,0.0,0.0,0.0,0.0,0.0,0.6914402395690317,0.04783744685871194,0.005468025756308105,0.0046074528288410485,0.003945071585954601,0.003428795498894943,0.0030189981704048068,0.002677365119678514,0.002399489208692845,0.0021635059557679514,0.001968081839631224,0.0017938460601229294,0.0016504080277924102,0.001518680820621695,0.0014074792151800024,0.001308089535271369,0.0012197870580837136,0.0011410674166126929,0.0010703474637781356,0.0010066044172718845,0.0009489611168401905,0.0008965870943063029,0.0008488743104381937,0.0008054556304367829,0.0007654335572623335,0.0007277009816123867,0.0006942306946410772,0.0006631499774909232,0.0006330823686429928,0.0006060127089955221,0.0005806740558559927,0.0005565845079370705,0.0005337027577344217,0.0005126473727380323,0.000492090402282051,0.0004725352389490692,0.00045356503174845457,0.0004348727553693569,0.0004160598760585038,0.0003967864592158467,0.0003758038938478464,0.00035135428438700387,0.0003188413569364067,0.0002592413129032195,9.247168042692305e-05
0.0,0.0,0.0,0.0,0.0,0.0,0.6241752641514368,0.04352867253806813,0.00524605084584523,0.004441108649939025,0.0038204948548031135,0.0033356999009914643,0.002949471776056807,0.002627971809243917,0.0023655799967339203,0.0021424590055205534,0.0019570138240931328,0.0017927913283070011,0.001656062682399191,0.0015312556852933926,0.001425944967419546,0.0013315920792030603,0.0012477180640988934,0.0011730673542208795,0.0011060880242479043,0.0010457999802620732,0.000991387459135029,0.0009420689279151979,0.0008972695175449156,0.0008566654401012692,0.0008193519863233454,0.000784368718512614,0.0007541113493817616,0.0007252639456893674,0.0006986870233399538,0.0006742551927660875,0.0006523150559266552,0.0006315506520005617,0.0006127206141050433,0.0005954255921232217,0.0005793874162913395,0.0005651142915662277,0.0005517787076519927,0.0005397767344876051,0.0005288047968071057,0.0005190758602497258,0.0005098070252130257,0.000500598650226872,0.0004884641164257033,0.00045404662138265296,0.0002944827866858495
0.0,0.0,0.0,0.0,0.0,0.0,0.5721264004101847,0.03991873835324307,0.004830648471503457,0.004094084441589388,0.003526072276155575,0.0030821944599246968,0.002728297156749257,0.0024338820664187755,0.002193425390641656,0.0019889482544391546,0.0018188247936125864,0.001668537765717885,0.0015429954526360293,0.0014286828009525516,0.0013322209855714591,0.0012457873920976815,0.0011689544167691696,0.0011006291788190313,0.0010393747329597374,0.0009842862907288225,0.000934620213246222,0.0008896618330657655,0.0008488864781375653,0.0008120042545038469,0.0007781546404181667,0.0007465425632624578,0.000719443060018163,0.0006933896654574642,0.0006698788969600987,0.000648097045493518,0.0006289008768967694,0.0006108060428693591,0.0005948036052394473,0.0005801306717284479,0.0005669532918260485,0.0005557229533566489,0.0005455615227393242,0.0005370969185953161,0.0005301385416415455,0.0005251140649753709,0.0005216147445691404,0.000519997536744053,0.0005186557875790594,0.0005015630458592027,0.000514857907515752
0.0,0.0,0.0,0.0,0.0,0.0,0.529174026621602,0.03689552449247107,0.0044476773118959975,0.003770766137713656,0.0032487363995806966,0.0028407525319439127,0.0025154069949576774,0.002244797644859787,0.0020237409774063395,0.001835765974918358,0.0016793226638783703,0.0015412312590396206,0.001425758620148444,0.0013207032664108267,0.0012320491968860223,0.001152614583799969,0.0010820055493351755,0.0010192344714943387,0.0009629764717438275,0.000912397635750677,0.0008668155272690942,0.0008255736777493654,0.000788190586541637,0.0007544017990932496,0.0007234058566448759,0.0006945027080114628,0.0006697983411378517,0.000645985509599879,0.0006246535541757821,0.0006048387320641183,0.0005874951696865979,0.0005711749785823759,0.0005568823156887893,0.0005437877753443394,0.000532182933506978,0.0005224754671392894,0.0005138254595655905,0.0005068949687825124,0.0005015436171236935,0.0004982419222839347,0.0004967312495688626,0.0004975985984771513,0.0004997988051598073,0.0004894063740126923,0.0007186636201291238
0.0,0.0,0.0,0.0,0.0,0.0,0.493157456654365,0.03434903716946991,0.004116004536903311,0.003489852526024565,0.0030069673251925883,0.002629569754683338,0.0023286024274273044,0.00207828352435644,0.00187379333852997,0.0016999087402361096,0.001555180561315101,0.0014274580206095273,0.0013206279383776486,0.0012234586009013688,0.0011414578625061871,0.001067986841575032,0.0010026798695128192,0.0009446276361104344,0.0008926037000416895,0.0008458360694655584,0.0008036937587997114,0.000765569651131548,0.0007310185934328478,0.000699796462080252,0.0006711589998294822,0.0006444677250067726,0.0006216721792798694,0.0005996844917291875,0.0005800289657718146,0.000561758338638752,0.0005457982689657019,0.0005307884350466442,0.0005176821832048124,0.0005056779037599046,0.0004950832316562216,0.00048627271846202896,0.0004784618815654403,0.0004722857430777641,0.0004676251364783857,0.0004649365252656994,0.00046401563855374365,0.00046548009103996435,0.0004684926251208494,0.00046044068713783004,0.000896967532449612
0.0,0.0,0.0,0.0,0.0,0.0,0.4627901217753729,0.032198398144299034,0.0038330548912996437,0.0032499212762688774,0.002800215989455216,0.002448753285897894,0.0021684718666179392,0.0019353585776402532,0.001744925956235503,0.0015829968925514834,0.0014482199223364869,0.0013292805779985869,0.001229797581078895,0.001139312702545082,0.0010629523972108298,0.000994536549673777,0.0009337234749550304,0.0008796665670588481,0.0008312237669759986,0.000787676092117818,0.0007484359473656941,0.0007129379744903331,0.0006807676821607483,0.0006516977424667578,0.0006250346963806937,0.0006001855748043581,0.0005789638361931602,0.000558494478374692,0.0005401993897575881,0.0005231929511560232,0.0005083398761213826,0.0004943725586442015,0.0004821806866554744,0.0004710144892944809,0.00046116457379678295,0.00045297900650438037,0.0004457275426012608,0.0004400035310217884,0.00043569811069505397,0.0004332387383932843,0.0004324413825347423,0.0004338924523890839,0.00043683569377150845,0.00042959403269564187,0.001049792864310763
0.0,0.0,0.0,0.0,0.0,0.0,0.4371319606804586,0.030380095415238218,0.003592899618545829,0.003046184873058715,0.0026245708733069893,0.0022950685220965777,0.0020323078224910125,0.0018137636101745677,0.0016352376127859686,0.001483434421648849,0.0013570893986765262,0.0012455842029660618,0.001152328495050637,0.0010675027986353535,0.000995918075462419,0.0009317820849381416,0.0008747734912546329,0.000824097557586355,0.0007786839754279277,0.0007378588153223874,0.0007010711441988101,0.0006677909331071925,0.0006376295997360215,0.0006103738904736976,0.0005853741258456201,0.000562073622557243,0.0005421695252644251,0.0005229759510875185,0.0005058123623250489,0.000489861204984375,0.00047592333495426675,0.0004628157834477714,0.00045136747769571544,0.00044088198317085404,0.00043162523520452273,0.0004239234254538489,0.000417094615648435,0.00041169060880156394,0.0004076086664823284,0.0004052459619383541,0.0004044268599885226,0.0004056921012431704,0.00040832179583276016,0.00040137007767985394,0.0011797526363767383
0.0,0.0,0.0,0.0,0.0,0.0,0.41543473893066074,0.028842101769012814,0.003389458180253868,0.0028735637870108467,0.002475723234930224,0.0021648067547669287,0.0019168761339608737,0.001710662346647511,0.0015422144912984636,0.0013989820373044885,0.0012797751989074033,0.0011745607860790537,0.0010865775046024603,0.0010065410810317984,0.0009389979525901495,0.0008784839521912669,0.0008246949816614405,0.0007768797946652725,0.0007340289074169342,0.0006955065764884595,0.0006607928709537997,0.0006293876523312986,0.0006009242480575077,0.0005752012669499077,0.0005516063375280933,0.0005296127333787745,0.0005108188011970715,0.0004927016705691341,0.00047648888048116677,0.0004614257758917193,0.00044825508083940786,0.00043586750145247345,0.0004250382527194724,0.00041511919256417953,0.00040635195102629135,0.00039904439195829366,0.00039255625246365915,0.0003874020844523811,0.0003834834589355421,0.0003811700076946376,0.00038029027475911366,0.0003813399120281915,0.0003836190144348961,0.00037678010168600126,0.001289928894360777
0.0,0.0,0.0,0.0,0.0,0.0,0.39708097288648797,0.027540977641999028,0.0032172466084640482,0.0027274310824797403,0.0023497067785893983,0.0020545173324051473,0.0018191362060225194,0.001623356227578795,0.0014634366895863165,0.0013274569173878793,0.0012142909206509325,0.0011143993166705232,0.001030878147722974,0.0009548942187862873,0.000890770961913971,0.0008333217530154854,0.0007822570853892886,0.000736862377362281,0.0006961796471345428,0.0006596054822606509,0.0006266461764924638,0.0005968268807801189,0.0005697994561750653,0.0005453725328623253,0.0005229653940708178,0.0005020764108521038,0.0004842202100705389,0.00046701284465523713,0.000451602322658204,0.00043728897917950764,0.000424764984419683,0.00041298406859488767,0.0004026752327322522,0.00039323225098180227,0.0003848750435250024,0.0003778960276159935,0.0003716904692983993,0.00036674070196163894,0.00036295165171628573,0.000360669007172635,0.00035972387097766786,0.0003605715918938828,0.0003625255705752965,0.0003557378283196396,0.0013832206162441901
0.0,0.0,0.0,0.0,0.0,0.0,0.38155342850934004,0.02644016539016414,0.0030715134197994527,0.0026037635654505616,0.0022430599399441047,0.0019611774977465095,0.001736414968087904,0.0015494632818599994,0.0013967598728826744,0.0012669168530458725,0.0011588623632070828,0.001063474396289702,0.0009837289494226175,0.0009111738945853363,0.000849944251278501,0.0007950882084971603,0.0007463286075091379,0.0007029818440048632,0.0006641335242645322,0.0006292075980488179,0.0005977325454786354,0.0005692549143530209,0.0005434422454282809,0.0005201116427231878,0.0004987092017228089,0.00047875444506869654,0.000461691122793846,0.0004452531626770457,0.0004305206969126172,0.000416841178335823,0.0004048635473610137,0.00039359508777019574,0.0003837254430934091,0.00037468420481738383,0.0003666725424264558,0.00035996982418100385,0.0003540014660307722,0.0003492223078512062,0.0003455400172772918,0.0003432798111153016,0.0003422746305390648,0.0003429450053448416,0.00034461439106592615,0.0003378551641519337,0.0014621778566274982
0.0,0.0,0.0,0.0,0.0,0.0,0.3684162284086255,0.025508800345462927,0.0029482015100347077,0.002499121342007113,0.002152818870938728,0.0018821954889215676,0.0016664174178477279,0.0014869353548163282,0.0013403375562215224,0.0012156868751129436,0.0011119573036139057,0.0010203798275056461,0.0009438290957302047,0.0008741752007757568,0.0008153938387096176,0.0007627318664629058,0.0007159225735277074,0.0006743085503915991,0.0006370122869141572,0.0006034808861021376,0.0005732615989920023,0.0005459190768897557,0.0005211341264834731,0.000498731019678986,0.00047817854732106954,0.0004590141004074647,0.0004426214468792059,0.00042683435806702575,0.0004126753419423156,0.0003995319142527252,0.0003880162868914155,0.0003771811311940848,0.0003676827053010886,0.0003589810228706882,0.0003512612611488409,0.0003447917545564526,0.00033902345825567373,0.00033438787222897574,0.00033079495124803296,0.0003285525198809361,0.00032749496597889584,0.0003280131195926425,0.00032943854215787836,0.00032269851029147895,0.0015289906424422886
0.0,0.0,0.0,0.0,0.0,0.0,0.3573011693599982,0.024720790768034247,0.002843865982798733,0.0024105820538525553,0.0020764642650846787,0.0018153670809472762,0.0016071907063230232,0.0014340286306216844,0.0012925967523638507,0.0011723392764027383,0.001072269006196561,0.0009839155422596232,0.0009100678577040839,0.0008428686063133565,0.0007861587127541719,0.000735353122756624,0.000690193966172641,0.0006500459916367274,0.0006140628971309997,0.0005817113761245263,0.0005525545612442801,0.0005261724208994738,0.0005022569857495709,0.0004806385917815383,0.00046080523536520406,0.0004423094164247074,0.00042648414815735165,0.0004112477152404424,0.00039757380543429106,0.00038488389693472466,0.0003737590753245669,0.00036329043926940335,0.0003541059714638749,0.00034569146456702143,0.0003382185224834379,0.00033194614630170747,0.00032634690949125996,0.0003218325384599261,0.00031831491227726175,0.00031608711639254133,0.00031498472635717957,0.0003153733636683428,0.0003165913141742495,0.00030986587823613186,0.0015855227537578504
0.0,0.0,0.0,0.0,0.0,0.0,0.34789691679079976,0.024054068403115036,0.0027555881101654174,0.0023356691885662866,0.0020118607146183735,0.0017588235373017338,0.001557078877629999,0.0013892640710227633,0.0012522030233334935,0.001135662591282835,0.0010386884218067621,0.0009530627533894092,0.000881502094476625,0.0008163796875723965,0.0007614224390858977,0.0007121875119174106,0.0006684245157147057,0.0006295169451818596,0.0005946449035456563,0.0005632916597713489,0.0005350337836088609,0.0005094642030512898,0.0004862844451569307,0.000465329976459349,0.0004461050439590792,0.0004281749279552458,0.0004128296971768863,0.00039805915425109056,0.0003847956591115561,0.000372489447037702,0.00036169525113054023,0.0003515366914087061,0.00034261781759011847,0.0003344462466669518,0.0003271820841494965,0.00032107643507062704,0.000315620167163902,0.0003112082680154643,0.0003077542412107399,0.00030553869370350827,0.00030439819383610645,0.00030467700782179415,0.0003057190663099245,0.0002990054314952213,0.0016333547200441346
0.0,0.0,0.0,0.0,0.0,0.0,0.33994012104969384,0.023489964187128926,0.0026808970593851875,0.002272286098294613,0.001957200203479057,0.0017109824959776225,0.0015146796312087334,0.001351389081428156,0.0012180261397213385,0.0011046306526336933,0.0010102760574351537,0.0009269583408943563,0.0008573327082357774,0.0007939674927473865,0.0007404931348570531,0.0006925871253346555,0.0006500054024118537,0.0006121473210440253,0.0005782153257379352,0.000547706709853291,0.0005202094120835577,0.0004953273253479743,0.0004727700114628663,0.00045237727778479143,0.00043366712111917187,0.00041621563404106943,0.0004012765500221591,0.0003869001861767407,0.00037398392829146707,0.0003620023499263844,0.0003514878820630436,0.000341591663432973,0.0003328974912189043,0.00032493145204079627,0.0003178439180508936,0.0003118793137858083,0.00030654398661078997,0.0003022187587331866,0.0002988185070177038,0.0002966132778906705,0.00029544047564787455,0.00029562628919988583,0.0002965194103149756,0.0002898155775969486,0.0016738250091822835
0.0,0.0,0.0,0.0,0.0,0.0,0.33320798786856576,0.02301268335899754,0.0026177018519311255,0.0022186584072785773,0.0019109525720051185,0.0016705047287188524,0.0014788060961861214,0.0013193434609598935,0.0011891094388630434,0.0010783748489492698,0.0009862366421533543,0.0009048716530394224,0.000836883221712233,0.0007750047427526034,0.0007227850391231108,0.000676003409337067,0.0006344211461660646,0.0005974510235299518,0.0005643143886456739,0.0005345204007552158,0.0005076666176544194,0.0004833662095385013,0.0004613355363191739,0.00044141807804406005,0.0004231434651657664,0.0004060969380391087,0.0003915014871883134,0.0003774586315928853,0.00036483616347641286,0.0003531292511213897,0.00034285145410805934,0.00033317719532528404,0.00032467313550347854,0.0003168809896161971,0.00030994289298025523,0.0003040976179372369,0.00029886460932769277,0.00029461270326082927,0.0002912579381143864,0.0002890614243150084,0.00028786127210448325,0.0002879683724719703,0.00028873544055305875,0.00028203984043788193,0.00170806648162036
0.0,0.0,0.0,0.0,0.0,0.0,0.3275120215282829,0.022608862484739117,0.002564233194363973,0.0021732846984328287,0.0018718230337000294,0.001636256996183937,0.0014484539438741589,0.0012922300565137122,0.001164643372068008,0.0010561601321705423,0.000965897182565278,0.0008861843701340675,0.000819581153499083,0.0007589605825965842,0.0007078024253107118,0.0006619721183083451,0.0006212354847691425,0.0005850166521591621,0.0005525529610434143,0.0005233636102383801,0.00049705429613114,0.00047324603829583203,0.00045166094841996615,0.0004321456139590039,0.00041423950847945657,0.000397535612036612,0.00038323090390006767,0.0003694702247184663,0.000357096327197033,0.00034562180534562824,0.00033554425127982845,0.00032605778861657237,0.00031771457881248007,0.0003100695602642165,0.0003032578986894775,0.0002975135842108753,0.0002923671433896426,0.00028817727073788093,0.0002848609872408544,0.0002826718424029199,0.0002814485433105455,0.00028148903660202133,0.000282149439882927,0.0002754607850304814,0.0017370377688027175
0.0,0.0,0.0,0.0,0.0,0.0,0.32269274085915534,0.022267195044922326,0.0025189940638727466,0.002134894596418056,0.0018387160413778064,0.0016072804348809364,0.001422773381336603,0.0012692897555295142,0.001143942948362864,0.0010373645458516647,0.0009486882265429312,0.0008703732988058309,0.000804942094024828,0.0007453858224049609,0.0006951258253716609,0.0006501004199290208,0.0006100792623757009,0.0005744960862417845,0.0005426017638566552,0.0005139239883902466,0.00048807534218225283,0.00046468348606154726,0.0004434753982158259,0.00042430029523456446,0.00040670597882514696,0.0003902919774624277,0.00037623326262121586,0.0003627113289878894,0.00035054774339933427,0.00033926984380932467,0.00032936171226716904,0.00032003414101731894,0.0003118270237577561,0.00030430648720722585,0.00029760180002487814,0.00029194290617083916,0.00028686970834289745,0.0002827323202768955,0.00027944859428496636,0.0002772656825788063,0.00027602279707871153,0.000276006932053321,0.0002765770833451854,0.00026989429806299406,0.0017615500003506203
0.0,0.0,0.0,0.0,0.0,0.0,0.3186152118288085,0.021978114779890597,0.0024807178340337244,0.0021024132384508663,0.0018107046522413731,0.0015827637484999788,0.0014010453957053767,0.0012498802687572884,0.0011264285919871935,0.0010214618470700176,0.000934127954586567,0.000856995758481637,0.0007925561773777221,0.0007339003952215113,0.0006844003196305058,0.0006400559306894307,0.000600640127848267,0.0005655947721932817,0.0005341821851013972,0.0005059372467029765,0.0004804783654502035,0.00045743882124909077,0.00043654970976811917,0.00041766247207126523,0.00040033195619944544,0.00038416323114554056,0.0003703126478760033,0.0003569927136204521,0.00034500707004660994,0.00033389552985183484,0.0003241307443295341,0.0003149376088624418,0.00030684563752272925,0.00029943042337255717,0.000292816245590761,0.0002872296247363411,0.0002822183965447558,0.00027812541463611705,0.00027486923468245556,0.0002726915961991235,0.0002714321381903002,0.0002713685881620117,0.0002718623770130127,0.0002651845556641381,0.0017822894769585712
0.0,0.0,0.0,0.0,0.0,0.0,0.31516526884062535,0.021733527817114764,0.0024483328241239133,0.0020749311925280425,0.0017870045874737689,0.001562020505242529,0.0013826616350622056,0.0012334581591552268,0.0011116099270081787,0.0010080067841453436,0.0009218087011504703,0.0008456771985394837,0.0007820766170480134,0.0007241827270456495,0.0006753256108764823,0.000631557420936277,0.0005926538006623107,0.0005580634877557485,0.0005270584904808748,0.0004991797697599704,0.0004740506634413432,0.000451309205657366,0.0004306899758221331,0.00041204629709763036,0.000394938979335259,0.0003789777792822913,0.0003653032933388395,0.0003521542680511297,0.0003403191788106757,0.00032934839305880765,0.00031970489065574607,0.0003106254994732368,0.0003026309515074272,0.00029530484918522987,0.0002887672501335116,0.00028324177841816716,0.00027828298181666744,0.00027422757125017655,0.0002709946974893014,0.0002688215204283895,0.00026754804040526675,0.00026744414440549845,0.00026787332353622674,0.0002611997013654892,0.0017998368733925965
0.0,0.0,0.0,0.0,0.0,0.0,0.3122463180018234,0.021526586043087454,0.0024209322977520853,0.002051678998751243,0.0017669522776337229,0.0015444699227439543,0.0013671073794154116,0.0012195636303561292,0.0010990720513740348,0.00099662263406916,0.000911385544374942,0.0008361007152138064,0.0007732100001358556,0.000715960736947851,0.0006676476201910802,0.0006243669445591812,0.000585896675140612,0.0005516913678481667,0.0005210312268928317,0.0004934623580741304,0.0004686122699368024,0.0004461230191008728,0.000425732132531217,0.00040729452580781834,0.00039037605299108066,0.00037459043707350933,0.00036106494472560213,0.000348060523235671,0.00033635281600110533,0.0003255011207014001,0.00031596023431832825,0.0003069770806475802,0.00029906496128341646,0.000291814255275501,0.00028534144844544543,0.0002798677141752088,0.00027495327921315534,0.000270929657220755,0.0002677165024719885,0.0002655471001012819,0.00026426175616064436,0.00026412372386371767,0.00026449823741260374,0.00025782816786584355,0.0018146834924622128
0.0,0.0,0.0,0.0,0.0,0.0,0.3097766325387814,0.021351495361605494,0.002397749076816538,0.0020320056268328533,0.0017499862849416595,0.001529620608272093,0.001353947130534339,0.0012078076542796292,0.0010884639214919106,0.0009869906560327432,0.0009025666499861243,0.0008279981799659851,0.0007657080734175393,0.0007090042204007324,0.0006611513743092138,0.0006182831780474493,0.0005801795610220859,0.0005463000018571245,0.0005159316392450726,0.0004886249319976765,0.00046401091743042205,0.0004417350555366148,0.00042153736716462193,0.0004032741152180759,0.0003865154215956664,0.00037087836507676314,0.00035747893422476823,0.00034459686008228997,0.0003329969290640433,0.0003222459946084268,0.0003127919302701527,0.00030389020187307806,0.00029604782424589557,0.00028886091005053476,0.00028244292304962024,0.00027701296313415244,0.00027213606195469086,0.00026813933583915713,0.00026494286506850386,0.00026277665639317884,0.0002614812745241083,0.00026131435992484526,0.00026164262160036187,0.0002549755578006688,0.0018272450194720333
0.0,0.0,0.0,0.0,0.0,0.0,0.3076870645272408,0.021203353465494224,0.002378134061974004,0.002015360248548445,0.0017356315842015633,0.0015170568008139322,0.0013428124190016225,0.0011978610792844975,0.0010794885238911717,0.0009788411675221392,0.0008951051007329037,0.0008211427326513478,0.0007593607929896474,0.000703118404262512,0.0006556549870574093,0.0006131357841030616,0.000575342386789608,0.0005417384387814275,0.0005116169459436089,0.000484532050113638,0.00046011777425297674,0.00043802245790378356,0.0004179882319560643,0.00039987249926605917,0.0003832489926937011,0.0003677376303048299,0.00035444485840641034,0.000341666300726246,0.0003301575577294111,0.00031949187568244505,0.0003101112703197196,0.0003012784347618861,0.00029349506468847475,0.0002863621238950998,0.0002799905192198002,0.00027459759620049914,0.00026975245185173555,0.0002657784819756013,0.0002625961272917051,0.000260432620753044,0.00025912874591782384,0.00025893739437513047,0.00025922652293885264,0.00025256200223515245,0.0018378731604040397
0.0,0.0,0.0,0.0,0.0,0.0,0.3059191088324001,0.021078012578063514,0.002361538058857087,0.002001276815415862,0.0017234862628645073,0.001506426730457096,0.0013333914876950512,0.0011894454144956883,0.0010718945593755117,0.0009719459936999926,0.0008887919831643663,0.0008153424298695392,0.0007539904434503105,0.0006981384935194303,0.0006510045669142392,0.0006087806425543555,0.0005712497180120392,0.0005378789609368964,0.0005079663413306882,0.0004810691171899838,0.00045682383759158336,0.0004348812784256207,0.00041498535586025976,0.0003969944372504717,0.00038048531064247676,0.00036508029638457297,0.00035187776720747936,0.00033918679342870186,0.0003277552034031918,0.00031716165228467337,0.0003078431995833937,0.0002990686533398043,0.00029133520877194384,0.0002842479341553056,0.00027791557294782883,0.00027255398635265025,0.0002677357110347379,0.00026378099490864014,0.0002606105836562587,0.0002584493633573451,0.0002571383027336841,0.0002569262754144285,0.000257182293967279,0.0002505199249345307,0.0018468654890684282
0.0,0.0,0.0,0.0,0.0,0.0,0.3044232650394095,0.020971963320704792,0.0023474964014033005,0.0019893610099994217,0.0017132102680542758,0.0014974327693428602,0.0013254205630453164,0.001182325032472919,0.0010654694070222632,0.0009661120788560765,0.0008834505383731958,0.0008104348708470883,0.0007494466621464095,0.0006939250572867719,0.0006470699082947355,0.0006050958152253381,0.000567786965402828,0.0005346135080738226,0.0005048776133300806,0.0004781391757089162,0.0004540368815997118,0.0004322235682542088,0.000412444662340671,0.00039455934726361343,0.00037814699602173297,0.00036283196150254136,0.00034970578549129697,0.0003370889152862264,0.0003257226033631914,0.00031519008126351894,0.0003059242151020729,0.0002971989866716402,0.0002895077834096152,0.0002824591463373805,0.00027615998850567927,0.0002708249152417372,0.00026602937345300743,0.00026209094766822046,0.00025893064159380005,0.00025677135565122395,0.0002554542152266553,0.0002552246944066629,0.0002554526990179691,0.00024879215048253226,0.0018544737787261367
0.0,0.0,0.0,0.0,0.0,0.0,0.30315765150627305,0.020882236454889274,0.0023356159418347253,0.0019792792055581816,0.0017045158855515815,0.001489823098494706,0.0013186764697397356,0.0011763005719687507,0.0010600331710924375,0.0009611760811173243,0.0008789312129944684,0.0008062826504450317,0.0007456022292324841,0.0006903601249428497,0.0006437408459805591,0.0006019781318423894,0.0005648571764859161,0.0005318506518473187,0.0005022642816586272,0.0004756601911992066,0.00045167887521017946,0.00042997491503392137,0.00041029501535273376,0.0003924990500197943,0.0003761685791277042,0.0003609296752683581,0.00034786810065493305,0.0003353139284977095,0.0003240028475086987,0.00031352196124993196,0.0003043005878601982,0.00029561708657532007,0.00028796162312013073,0.0002809456767601303,0.000274674611862862,0.0002693619711756515,0.0002645856639234069,0.0002606610211795375,0.00025750926496157493,0.0002553516156519358,0.00025402933118840815,0.000253785009349762,0.0002539893117372185,0.0002473303034994087,0.0018609110513899364
0.0,0.0,0.0,0.0,0.0,0.0,0.3020868327330381,0.020806319747408104,0.0023255640430455953,0.001970749124943791,0.001697159684181761,0.0014833846572252774,0.001312970382113832,0.001171203356082452,0.001055433644193019,0.0009569997990964315,0.0008751074719141763,0.0008027695120017001,0.0007423495056881997,0.0006873438831124942,0.0006409241706444639,0.0005993403014079155,0.0005623783210594923,0.0005295130359494502,0.0005000531764975777,0.00047356275538441156,0.0004496837973734245,0.00042807235945887455,0.0004084762276337392,0.000390755859930624,0.0003744946669131857,0.0003593201761923181,0.0003463132599621489,0.00033381213578909504,0.00032254778495857927,0.0003121105870978514,0.000302926858450335,0.0002942786619481746,0.0002866534374680596,0.00027966515028475644,0.00027341785444554814,0.0002681241936630432,0.00026336416049619303,0.00025945117939983343,0.0002563066571016185,0.0002541503925252609,0.00025282375575870936,0.0002525669109749549,0.0002527511592259438,0.00024609345421316444,0.001866357542152888
0.0,0.0,0.0,0.0,0.0,0.0,0.30118082721466966,0.020742087631168096,0.002317059265205704,0.0019635319372159933,0.0016909357000660559,0.001477937177721068,0.0013081425372845211,0.001166890669531878,0.0010515420456732264,0.0009534663024377107,0.0008718722554552598,0.0007997970923018041,0.0007395974195699513,0.0006847918810263601,0.0006385410191141847,0.0005971084681696289,0.0005602809944605887,0.0005275352102366725,0.0004981823898361822,0.0004717881428446777,0.00044799578855718686,0.00042646263249739426,0.00040693737554085477,0.00038928096998661597,0.000373078392057279,0.0003579584004359535,0.00034499772993670406,0.00033254148895732824,0.0003213166758922341,0.00031091644220387356,0.00030176456427193413,0.0002931462386767474,0.0002855465989911504,0.0002785817138692795,0.00027235452871387416,0.0002670769265762299,0.00026233066269651704,0.0002584275483649593,0.0002552891465899875,0.0002531340536180144,0.000251803734425745,0.0002515362941446917,0.00025170357485754426,0.0002450469724860295,0.0018709657455301116
0.0,0.0,0.0,0.0,0.0,0.0,0.30041426799863746,0.020687741692130425,0.0023098634858188037,0.0019574255706934552,0.0016856696699066062,0.0014733281377831613,0.0013040577620017247,0.0011632417628153037,0.0010482494159375425,0.0009504766579226645,0.0008691349818490933,0.0007972821675373225,0.0007372689161176906,0.0006826326660118489,0.0006365246663086755,0.0005952201437579101,0.0005585064743270392,0.0005258617982130912,0.0004965995421299801,0.00047028666678335866,0.0004465675867541832,0.0004251006639302762,0.0004056353732571703,0.0003880330852261739,0.00037188010074309095,0.00035680622008485717,0.0003438846774833075,0.00033146641157699724,0.00032027505088923344,0.0003099060920953579,0.0003007811626301399,0.00029218811041195375,0.0002846101176806282,0.00027766503273160304,0.0002714548629582179,0.0002661908478263505,0.0002614562339573006,0.0002575614677641742,0.0002544282444824881,0.0002522741427893908,0.0002509407079457009,0.0002506643029553273,0.00025081722765987144,0.00024416155821843096,0.0018748646851023424
0.0,0.0,0.0,0.0,0.0,0.0,0.29976569244388257,0.02064176031610252,0.002303775232608684,0.0019522590552148562,0.0016812141518453886,0.0014694284904081128,0.0013006016879768025,0.0011601544713856786,0.0010454635657217144,0.0009479471594712491,0.0008668190110662602,0.0007951543231514182,0.0007352988003239984,0.0006808057829132063,0.0006348186570244999,0.0005936224575944918,0.0005570050764493837,0.0005244459465621875,0.0004952603157431861,0.00046901628786277127,0.0004453592042087513,0.00042394832044459263,0.0004045337664461367,0.0003869772665316023,0.0003708662424036282,0.00035583137561782816,0.0003429429386099828,0.0003305568029077917,0.00031939374583145265,0.00030905124830973445,0.00029994911958369964,0.0002913774508335682,0.0002838177733022705,0.00027688944101607744,0.0002706936677310545,0.00026544114838401855,0.0002607163914340034,0.0002568286884897428,0.00025369984666233174,0.00025154658367710145,0.00025021051272219066,0.0002499265228105193,0.0002500673010874128,0.0002434124209856874,0.0018781635260048384
0.0,0.0,0.0,0.0,0.0,0.0,0.29921694129533644,0.020602856085559052,0.0022986240425627484,0.0019478877352012067,0.0016774443972878252,0.0014661290506430835,0.0012976775497222333,0.001157542355178886,0.0010431064949156883,0.0009458069844827144,0.0008648594989974461,0.0007933539823243038,0.0007336319115604099,0.0006792600814274011,0.000633375225265069,0.0005922706765864563,0.0005557347636789595,0.0005232480133161526,0.0004941272141137296,0.0004679414371585592,0.00044433680781278865,0.00042297333795156614,0.0004036017115785562,0.00038608395238021756,0.00037000843035048074,0.00035500657268312547,0.00034214614587769267,0.00032978719511376174,0.0003186480853465113,0.00030832797635513796,0.0002992451390311958,0.0002906915625489101,0.00028314738126469937,0.00027623322318365924,0.00027004963057591507,0.00026480683765949095,0.0002600904205175388,0.0002562086936941771,0.0002530835589569389,0.00025093100559127633,0.0002495927042577304,0.0002493022968450534,0.00024943279819110003,0.00024277858593920365,0.0018809546314062819
0.0,0.0,0.0,0.0,0.0,0.0,0.29875265024886793,0.02056993973365905,0.002294265689193791,0.00194418921949156,0.0016742548581076381,0.0014633374385520234,0.0012952034752463453,0.0011553322784066337,0.0010411122086640245,0.0009439962108967553,0.0008632015819044106,0.0007918307379013343,0.0007322215791530088,0.0006779522839635162,0.0006321539568561231,0.0005911269526589893,0.0005546599689435215,0.0005222344579333983,0.0004931685118992747,0.000467032020277012,0.000443471771823625,0.0004221484182349052,0.00040281311235469696,0.00038532813116094397,0.0003692826469842229,0.00035430871789284674,0.00034147199014704127,0.00032913604019771706,0.00031801719193010335,0.0003077160255764084,0.0002986495104511337,0.0002901112415959817,0.0002825801714802765,0.0002756780060056494,0.0002695047193069051,0.0002642701557940256,0.00025956079485272687,0.0002556841243457542,0.00025256212612819373,0.00025041017316220686,0.0002490699847349693,0.00024877414756006654,0.0002488959537316423,0.00024224230653860056,0.0018833161485549465
0.0,0.0,0.0,0.0,0.0,0.0,0.2983598197711514,0.02054208964621946,0.0022905781443897143,0.0019410599545528666,0.0016715562314393484,0.0014609754927000164,0.0012931101937461702,0.0011534623618514087,0.0010394248695974999,0.0009424641394553188,0.0008617988403081098,0.0007905419410595567,0.0007310283156654778,0.0006768457739276194,0.0006311206579024701,0.0005901592630595021,0.0005537505994164099,0.0005213769022078942,0.0004923573667097288,0.00046626257475197095,0.000442739876381208,0.0004214504646369661,0.0004021458890425269,0.00038468864088239116,0.0003686685713334984,0.00035371827223870965,0.0003409015959519741,0.00032858510668589726,0.000317483401403577,0.00030719826216361824,0.0002981455570334934,0.0002896202397580138,0.0002821002628275566,0.00027520824413767203,0.0002690436771314279,0.00026381607640740736,0.0002591126856236094,0.00025524029319866647,0.0002521209487486787,0.00024996950377286994,0.0002486277187007646,0.00024832728747627755,0.00024844173677640975,0.00024178856767214732,0.0018853141967979656
0.0,0.0,0.0,0.0,0.0,0.0,0.29802745112997936,0.020518526057740724,0.0022874581617882707,0.0019384123251184454,0.001669272959316515,0.0014589770817368018,0.0012913390961168622,0.0011518802503304862,0.0010379972344608432,0.0009411678741906468,0.0008606119993048657,0.0007894515071972505,0.0007300187113032703,0.0006759095705067138,0.0006302463974042868,0.0005893405137630435,0.0005529811939573274,0.0005206513357170462,0.0004916710675559314,0.00046561155712956004,0.00044212062938415704,0.00042085993538298205,0.00040158136027451175,0.0003841475766651728,0.0003681490100947815,0.0003532187040257436,0.00034041899301177236,0.00032811896917089585,0.00031703176834037056,0.00030676018942812704,0.00029771916875117704,0.00028920480963495705,0.0002816942185009599,0.000274810784870658,0.0002686535954802354,0.0002634318858792393,0.00025873354636627837,0.0002548647735696274,0.0002517476744370783,0.00024959665926500114,0.00024825352329291446,0.00024794920510419087,0.00024805742985326674,0.00024140466525356032,0.0018870047188353299
0.0,0.0,0.0,0.0,0.0,0.0,0.29774623844435316,0.020498589219007296,0.0022848183860159073,0.0019361722010767454,0.001667341113148918,0.0014572862528067065,0.001289840593974519,0.0011505416468202685,0.0010367893313642767,0.000940071121395085,0.0008596078289211714,0.0007885289056129491,0.0007291644984836873,0.0006751174612470767,0.0006295066972275068,0.0005886477808755493,0.0005523302102341899,0.00052003744356172,0.0004910903989720911,0.00046506073978005687,0.0004415966927381106,0.00042036029643729766,0.00040110371999410783,0.0003836897894290371,0.00036770941624269106,0.0003527960260067634,0.0003400106690843805,0.000327724576420718,0.0003166496476138962,0.00030638954191453274,0.00029735840729796956,0.0002888533197345172,0.00028135066979804107,0.00027447449987244034,0.0002683235525846163,0.0002631068273844383,0.0002584127616845332,0.00025454705140722644,0.00025143185200789147,0.0002492812004870339,0.00024793692153644425,0.00024762931463899056,0.00024773227287822633,0.0002410798505244433,0.0018884350470412675
0.0,0.0,0.0,0.0,0.0,0.0,0.29750830813216034,0.020481720924984858,0.0022825849068531926,0.001934276861926574,0.0016657066038068473,0.0014558556649429105,0.0012885727312472214,0.0011494090721983982,0.001035767340623622,0.0009391431734454215,0.0008587582137185179,0.0007877483046863118,0.0007284417603810664,0.0006744472681403313,0.0006288808467485417,0.0005880616687952187,0.0005517794215664122,0.0005195180375760189,0.0004905991030082337,0.00046459470054844616,0.00044115339691208687,0.0004199375585723056,0.00040069959490715,0.0003833024617387198,0.00036733748173257806,0.0003524384037580055,0.0003396651916415555,0.00032739088596160014,0.0003163263403507731,0.0003060759419841931,0.0002970531718318044,0.00028855592880580415,0.00028105999781090455,0.0002741899736092192,0.000268044307681362,0.00026283179971640604,0.0002581413500328708,0.0002542782309124388,0.00025116463885210344,0.0002490142950117046,0.00024766904900220963,0.0002473586595720507,0.0002474571618873735,0.00024080502910331313,0.0018896452287079264
0.0,0.0,0.0,0.0,0.0,0.0,0.2973069984603223,0.02046744888581999,0.0022806951898467335,0.0019326732406862778,0.0016643236671972318,0.0014546452635831927,0.0012875000094606777,0.0011484508158780505,0.0010349026478540168,0.0009383580490301753,0.0008580393655984169,0.0007870878486270153,0.000727830261287392,0.0006738802266686339,0.000628351322984297,0.0005875657671613984,0.000551313406602027,0.0005190785750814392,0.0004901834240291743,0.0004642003909545375,0.00044077833021107833,0.0004195798856886327,0.000400357670047357,0.00038297474893275995,0.0003670227928916059,0.0003521358243309623,0.00033937288777324354,0.00032710855490339445,0.0003160527943765658,0.00030581060925511267,0.0002967949161645847,0.00028830431029736313,0.00028081406410954596,0.0002739492397231056,0.00026780804228365555,0.00026259910246531723,0.00025791171224512664,0.0002540507854680548,0.0002509385533558638,0.00024878846983980796,0.0002474424056146384,0.00024712966192057495,0.00024722439413795447,0.0002405725063549843,0.001890669147316423
0.0,0.0,0.0,0.0,0.0,0.0,0.29713667302510505,0.020455373503350794,0.002279096325427435,0.0019313164380886508,0.0016631535829297473,0.0014536211590953218,0.0012865923938280477,0.0011476400479535768,0.001034171042805103,0.0009376937657073461,0.0008574311577672022,0.0007865290455416284,0.0007273128800393188,0.0006734004604230725,0.0006279032999718941,0.0005871461913862553,0.0005509191175402957,0.0005187067517111696,0.0004898317235749818,0.000463866770852833,0.00044046099126505837,0.00041927726342006215,0.0004000683719722866,0.0003826974754873678,0.0003667565388497254,0.0003518798159031095,0.0003391255733589323,0.0003268696783510409,0.0003158213507669105,0.000305586114762894,0.0002965764094802571,0.0002880914192247806,0.000280605982876608,0.00027374555798467045,0.00026760814127381525,0.00026240222041686105,0.0002577174187679047,0.0002538583469033843,0.0002507472654252261,0.0002485974021661337,0.0002472506456595668,0.0002469359100541338,0.0002470274524417992,0.00024037577195099195,0.0018915354712293602
0.0,0.0,0.0,0.0,0.0,0.0,0.2969925629402937,0.02044515668288856,0.0022777435475127743,0.0019301684654610362,0.001662163590197254,0.0014527546779123173,0.0012858244723157521,0.0011469540679987377,0.0010335520415061315,0.0009371317244251988,0.0008569165612125095,0.0007860562496851237,0.0007268751306483095,0.0006729945365852778,0.0006275242336613781,0.0005867911939047372,0.0005505855148105923,0.0005183921569041394,0.0004895341544995396,0.00046358449932309883,0.00044019249500455254,0.0004190212187445622,0.00039982360071964926,0.0003824628781139311,0.00036653126484700345,0.00035166321057811365,0.0003389163239231331,0.00032666756807799073,0.00031562552940779314,0.0003053961729595925,0.0002963915338815531,0.00028791129492046654,0.0002804299281136296,0.0002735732255754622,0.00026743900768877416,0.0002622356411348843,0.0002575530296416124,0.0002536955271939247,0.00025058541925191406,0.00024843574234930836,0.000247088400112661,0.00024677197917751756,0.0002468608226926977,0.00024020931758903186,0.001892268456366948
0.0,0.0,0.0,0.0,0.0,0.0,0.2968706333147049,0.02043651236701505,0.002276598980115872,0.0019291971810928756,0.0016613259705166694,0.001452021559710616,0.0012851747441402503,0.0011463736694848896,0.00103302831274196,0.0009366561887734955,0.0008564811679135239,0.0007856562234007801,0.0007265047567121798,0.0006726510898263307,0.0006272035106989627,0.0005864908352583367,0.0005503032579790778,0.0005181259824231262,0.0004892823852635204,0.0004633456731369926,0.0004399653238904808,0.00041880458275091485,0.0003996165030191094,0.00038226438839723435,0.0003663406635102348,0.00035147994369424544,0.00033873928075925494,0.00032649656526473895,0.0003154598475609555,0.00030523546572671154,0.00029623511309698365,0.0002877588941428721,0.00028028097052081974,0.0002734274174166569,0.00026729590601254105,0.00026209470062049276,0.00025741394218880865,0.00025355776760382443,0.0002504484833577968,0.0002482989641289352,0.00024695112631385925,0.00024663327944366873,0.0002467198394787433,0.00024006848276780457,0.0018928886253405859
0.0,0.0,0.0,0.0,0.0,0.0,0.296767470280586,0.0204291985263542,0.002275630576868118,0.0019283753903104662,0.0016606172716482086,0.0014514012781532031,0.001284625017774622,0.0011458826020236603,0.0010325851928020264,0.0009362538443848831,0.0008561127874355119,0.0007853177664833502,0.000726191388252094,0.0006723605040926333,0.0006269321512672037,0.0005862367058034412,0.0005500644442289395,0.0005179007757357958,0.0004890693666623398,0.00046314360547815487,0.00043977311743303803,0.0004186212899187088,0.00039944128040980887,0.00038209644888854754,0.000366179398254862,0.0003513248840218974,0.0003385894868935934,0.0003263518820593842,0.00031531966635449583,0.000305099493474941,0.0002961027675521052,0.0002876299498724144,0.000280154939483202,0.0002733040510732521,0.00026717482958803495,0.0002619754527262697,0.00025729626214534277,0.0002534412110473267,0.0002503326237195123,0.00024818323789630803,0.0002468349807789163,0.0002465159274440523,0.00024660055545698816,0.0002399493242991616,0.0018934133420587566
0.0,0.0,0.0,0.0,0.0,0.0,0.29668018540984853,0.020423010383070813,0.0022748112237633545,0.0019276800840621697,0.0016600176509637854,0.001450876466179397,0.001284159901609955,0.0011454671163776337,0.0010322102749158984,0.00093591342615027,0.0008558011056138181,0.0007850314025881766,0.0007259262513669155,0.0006721146433691618,0.0006267025576620255,0.0005860216902524674,0.0005498623870920086,0.0005177102313536849,0.0004888891344577755,0.0004629726387202209,0.00043961049410641605,0.0004184662082918168,0.0003992930268911554,0.00038195435750443236,0.0003660429538676847,0.00035119369009596163,0.0003384627482966412,0.000326229467524128,0.00031520106090061255,0.0003049844491616261,0.00029599079174724355,0.0002875208518405915,0.00028004830629892874,0.0002731996724513026,0.00026707238843600155,0.000261874558669383,0.0002571966946261238,0.0002533425940954852,0.0002502345964208996,0.000248085323470447,0.0002467367115869444,0.00024641663747837034,0.00024649963083307714,0.0002398485059040686,0.0018938572978934268
0.0,0.0,0.0,0.0,0.0,0.0,0.29660633484191257,0.020417774677362756,0.0022741179800016852,0.0019270917946954994,0.0016595103198797556,0.0014504324297502016,0.0012837663730107072,0.0011451155794999486,0.0010318930618801697,0.0009356254028107212,0.0008555373957709459,0.0007847891139061167,0.000725701922575617,0.0006719066238818431,0.0006265083015670851,0.0005858397684552511,0.0005496914292365208,0.0005175490142868896,0.0004887366423872143,0.0004628279860207914,0.00043947290067322236,0.0004183349957904336,0.0003991675915613147,0.0003818341358746467,0.00036592751008688326,0.00035108268866056695,0.000338355516455828,0.00032612589421439055,0.0003151007104039507,0.0003048871116986238,0.00029589605050842137,0.0002874285454472528,0.00027995808538031097,0.000273111359087873,0.00026698571434009307,0.0002617891935500963,0.0002571124518727101,0.0002532591556044837,0.0002501516568276504,0.00024800247937733176,0.00024665356733094204,0.00024633262955931184,0.00024641423985143784,0.00023976320480121894,0.00189423292301897
0.0,0.0,0.0,0.0,0.0,0.0,0.2965438508588537,0.020413344816416427,0.0022735314356775132,0.0019265940508886746,0.0016590810737988414,0.0014500567364347024,0.0012834334136981945,0.001144818148824413,0.0010316246721506859,0.0009353817100948501,0.0008553142743811582,0.0007845841166755145,0.0007255121209696596,0.0006717306213610123,0.0006263439440694441,0.0005856858468428237,0.0005495467840693316,0.0005174126106714271,0.0004886076208749924,0.0004627055972961924,0.00043935648469987243,0.00041822397863860024,0.0003990614623974665,0.00038173241795305446,0.00036582983463975474,0.00035098877182278813,0.00033826478902187573,0.00032603826221491006,0.00031501580518373894,0.00030480475576610724,0.00029581589120664483,0.000287350446235848,0.0002798817506613232,0.00027303663832595296,0.0002669123805406144,0.0002617169672583234,0.00025704117519977104,0.0002531885594072721,0.00025008148274118994,0.000247932386092264,0.00024658322008204876,0.0002462615515765965,0.0002463419916778725,0.00023969103267290173,0.00189455073444056
0.0,0.0,0.0,0.0,0.0,0.0,0.2964909839920438,0.02040959677000244,0.0022730351683279276,0.0019261729164754588,0.0016587178944002588,0.001449738867318497,0.0012831517012534051,0.0011445664966867142,0.0010313975911710948,0.0009351755249299202,0.0008551254943415558,0.0007844106712458845,0.0007253515323558864,0.0006715817079695883,0.000626204883377221,0.0005855556158142471,0.0005494244017176614,0.000517297201387031,0.0004884984574899401,0.0004626020458245085,0.00043925798669356233,0.0004181300485033515,0.0003989716679238251,0.0003816463557728007,0.00036574719274336525,0.0003509093100357669,0.0003381880257470021,0.000325964117945963,0.00031494396800645503,0.0003047350755072279,0.0002957480694878119,0.00028728436753207206,0.0002798171648711073,0.0002729734180833408,0.00026685033378847246,0.00026165585755371745,0.0002569808689550271,0.00025312882890398845,0.00025002210938019736,0.00024787308109625473,0.00024652370021062555,0.00024620141344100776,0.00024628086345937315,0.00023962996879527514,0.0018948196304563597
0.0,0.0,0.0,0.0,0.0,0.0,0.29644625403935093,0.020406425597793737,0.002272615283125542,0.0019258166002510022,0.0016584106131426785,0.0014494699224880507,0.0012829133481016331,0.0011443535771608639,0.0010312054609752368,0.0009350010744048589,0.0008549657700614856,0.0007842639213753078,0.0007252156604661649,0.0006714557143301747,0.0006260872259755264,0.0005854454290734976,0.0005493208556380274,0.0005171995551268522,0.0004884060958021037,0.0004625144323019149,0.0004391746488407921,0.0004180505754655181,0.0003988956940142584,0.000381573539707017,0.0003656772705342574,0.0003508420784748891,0.00033812307736135253,0.00032590138546638556,0.0003148831875264418,0.0003046761199671821,0.00029569068643377406,0.00028722845921988575,0.0002797625196932231,0.0002729199282771176,0.0002667978368569248,0.0002616041534456239,0.0002569298446436341,0.00025307829171978554,0.00024997187436933565,0.00024782290392809587,0.00024647334123923753,0.00024615053136453423,0.00024622914368692064,0.0002395783034607793,0.0018950471397980668
0.0,0.0,0.0,0.0,0.0,0.0,0.2964084086214428,0.02040374251117567,0.0022722600238417492,0.001925515125833746,0.0016581506265585598,0.00144924237184492,0.001282711680670853,0.0011441734287826186,0.0010310429021725275,0.0009348534741364093,0.0008548306294730113,0.0007841397582621014,0.0007251007010678445,0.0006713491127880246,0.0006259876776132096,0.0005853522015380206,0.0005492332466775761,0.0005171169379251528,0.0004883279498067598,0.00046244030366601583,0.00043910413779224946,0.0004179833343854778,0.0003988314135000939,0.00038151193100246654,0.00036561811028334215,0.0003507851947456461,0.0003380681253962957,0.0003258483083499777,0.0003148317619708962,0.00030462623846906487,0.00029564213539514853,0.00028718115594072183,0.00027971628513518814,0.0002728746712636745,0.00026675341990153547,0.00026156040728761215,0.00025688667365256673,0.0002530355328805533,0.00024992937119494747,0.0002477804496936492,0.0002464307331834971,0.00024610748071654043,0.0002461853842755031,0.0002395345901085926,0.0018952396324254126
0.0,0.0,0.0,0.0,0.0,0.0,0.29637638811682754,0.020401472387282592,0.0022719594436879276,0.0019252600523399725,0.0016579306553684704,0.0014490498442729896,0.001282541052540554,0.0011440210076363924,0.0010309053633321573,0.0009347285915128756,0.000854716288818948,0.0007840347055038222,0.0007250034354502895,0.0006712589186413864,0.0006259034510681945,0.0005852733229605066,0.0005491591219016445,0.0005170470366098933,0.0004882618315197155,0.0004623775844133528,0.00043904447933212177,0.0004179264426021975,0.0003987770266122159,0.0003814598046971586,0.00036556805558208167,0.00035073706617908646,0.0003380216312697152,0.00032580340050789676,0.00031478825149248947,0.0003045840343971068,0.0002956010570072669,0.0002871411332655207,0.00027967716669071645,0.0002728363799066774,0.0002667158393064823,0.00026152339424529586,0.0002568501472513504,0.00025299935519552166,0.00024989340982453905,0.00024774452973067425,0.0002463946830743719,0.0002460710561359975,0.00024614836001965636,0.0002394976048228483,0.001895402497876582
0.0,0.0,0.0,0.0,0.0,0.0,0.2963492959938576,0.020399551665657267,0.0022717051268185498,0.0019250442380502636,0.0016577445406709243,0.0014488869492556718,0.0012823966863494609,0.0011438920461323053,0.0010307889935490696,0.0009346229299864807,0.0008546195467126761,0.000783945821762613,0.0007249211403052496,0.0006711826065738142,0.0006258321881089668,0.0005852065848454332,0.0005490964059148485,0.0005169878940369856,0.0004882058897166524,0.0004623245184880604,0.00043899400310267475,0.00041787830722122475,0.00039873101058991847,0.0003814157013236999,0.0003655257049652483,0.00035069634523919954,0.0003379822932077504,0.00032576540458014396,0.0003147514378555515,0.0003045483260932856,0.0002955663011297669,0.000287107270612475,0.00027964406909526186,0.00027280398209893154,0.0002666840428649614,0.0002614920780025953,0.0002568192427492106,0.00025296874573750637,0.0002498629833874489,0.00024771413832786257,0.0002463641815566341,0.00024604023778297473,0.00024611703428933706,0.0002394663120646143,0.001895540296168134
0.0,0.0,0.0,0.0,0.0,0.0,0.2963263737090331,0.02039792656864242,0.002271489952698679,0.0019248616404508297,0.0016575870715013095,0.0014487491259485945,0.001282274540035754,0.0011437829335193368,0.001030690534623725,0.0009345335311746667,0.0008545376945035692,0.0007838706184116407,0.0007248515114778461,0.0006711180399486596,0.0006257718934672115,0.0005851501186141213,0.000549043342752763,0.0005169378542928514,0.00048815855810130295,0.00046227962011463337,0.0004389512958364506,0.0004178375805157531,0.0003986920770456272,0.0003813783860461464,0.00036548987267175743,0.00035066189179369244,0.00033794900979685635,0.0003257332567311513,0.00031472029032708886,0.0003045181137724681,0.00029553689464418924,0.00028707861987222545,0.00027961606566006154,0.0002727765707448021,0.0002666571403187948,0.0002614655817462622,0.0002567930948610884,0.0002529428474822929,0.0002498372399838052,0.0002476884245662559,0.0002463383746282532,0.00024601416278447456,0.0002460905300056561,0.00023943983567817605,0.0018956568854694154
0.0,0.0,0.0,0.0,0.0,0.0,0.2963069794687898,0.02039655159567765,0.002271307896738423,0.0019247071470511364,0.00165745383893179,0.0014486325154820096,0.0012821711936647003,0.001143690614789086,0.001030607229836841,0.000934457892029309,0.0008544684404383656,0.0007838069898568517,0.0007247925994532877,0.0006710634109860791,0.0006257208789729528,0.0005851023432870072,0.0005489984467172486,0.0005168955163310439,0.00048811851145123266,0.00046224163219818297,0.0004389151617866547,0.00041780312219206176,0.00039865913589175536,0.0003813468140862327,0.00036545955544493,0.00035063274119180067,0.00033792084914568494,0.0003257060568637978,0.0003146939368176283,0.00030449255152975406,0.00029551201420795155,0.00028705437886205546,0.0002795923723260826,0.00027275337836274053,0.0002666343784323815,0.00026144316361627215,0.0002567709714808068,0.0002529209353130944,0.00024981545883245995,0.0002476666684946437,0.00024631653972947276,0.00024599210107513237,0.0002460681050838335,0.00023941743435983934,0.0018957555301261824
0.0,0.0,0.0,0.0,0.0,0.0,0.29629057026013156,0.02039538824934413,0.0022711538616124335,0.0019245764322409586,0.001657341112627181,0.0014485338529175603,0.001282083753675021,0.0011436125051395836,0.0010305367467649043,0.0009343938947546876,0.000854409845495119,0.0007837531545831276,0.0007247427547730451,0.0006710171901475966,0.000625677716288032,0.0005850619212183153,0.0005489604607788749,0.0005168596947448021,0.0004880846285133686,0.0004622094911274469,0.0004388845892478321,0.0004177739674628025,0.00039863126481969714,0.00038132010147096725,0.00036543390444263675,0.000350608077255345,0.00033789702279336434,0.0003256830434178838,0.00031467163946386737,0.00030447092365626133,0.0002954909632018478,0.00028703386886584116,0.00027957232571140756,0.00027273375559681834,0.0002666151199031002,0.0002614241959347271,0.0002567522531830692,0.0002529023957182444,0.0002497970300900725,0.0002476482609718848,0.0002462980655120956,0.00024597343495635617,0.0002460491316558095,0.00023939848090241074,0.0018958389920579524
0.0,0.0,0.0,0.0,0.0,0.0,0.29627668664698587,0.02039440395748792,0.0022710235345415443,0.0019244658361790353,0.0016572457364005069,0.001448450375834339,0.0012820097718630131,0.0011435464176042722,0.0010304771119754098,0.0009343397475120193,0.000854360269093156,0.0007837076052742285,0.000724700581852201,0.0006709780833110559,0.0006256411969145355,0.0005850277206437507,0.0005489283213817635,0.0005168293865772356,0.00048805596061040414,0.00046218229699508635,0.0004388587222294564,0.0004177493000342372,0.00039860768347641174,0.00038129750028256283,0.0003654122014708451,0.0003505872094268272,0.00033787686363364,0.0003256635720474558,0.00031465277396948356,0.00030445262460022596,0.0002954731522256357,0.0002870165156308991,0.00027955536453742137,0.0002727171530356232,0.0002665988255176814,0.00026140814763170886,0.00025673641588037243,0.0002528867096136834,0.0002497814377763054,0.00024763268661176323,0.0002462824347225447,0.0002459576418015846,0.00024603307849077166,0.0002393824446342279,0.0018959096080880865
0.0,0.0,0.0,0.0,0.0,0.0,0.2962649399066041,0.02039357116124292,0.0022709132665406713,0.0019243722623223563,0.0016571650398439562,0.0014483797469847632,0.0012819471768360908,0.0011434905018198412,0.0010304266557733712,0.0009342939342503457,0.0008543183231589955,0.000783669066609934,0.0007246648999049232,0.0006709449955369172,0.0006256102983584567,0.0005849987839925997,0.0005489011286654336,0.0005168037432398628,0.00048803170507909,0.0004621592884014733,0.00043883683648933083,0.0004177284292510913,0.0003985877316155727,0.00038127837771772903,0.00036539383887513753,0.00035056955343473354,0.00033785980723678483,0.00032564709757997403,0.0003146368121256629,0.0003044371420123558,0.00029545808259561114,0.0002870018332896737,0.00027954101391375476,0.00027270310582946814,0.00026658503905495096,0.00026139456937602373,0.0002567230161492526,0.00025287343780929465,0.0002497682453270595,0.00024761950935285793,0.00024626920971944995,0.0002459442794234367,0.00024601949612139656,0.00023936887656105717,0.0018959693553717415
0.0,0.0,0.0,0.0,0.0,0.0,0.2962550011458398,0.02039286654341914,0.0022708199702520847,0.0019242930907270824,0.0016570967635610064,0.001448319988854748,0.0012818942160165456,0.0011434431922185105,0.0010303839654520718,0.0009342551722591212,0.0008542828332621308,0.0007836364595587747,0.0007246347098840263,0.0006709170004114016,0.0006255841555012173,0.0005849743010770188,0.0005488781212699059,0.0005167820467532582,0.00048801118279672833,0.00046213982113651195,0.00043881831925576787,0.00041771077075912613,0.00039857085061154653,0.0003812621983700202,0.00036537830252719646,0.0003505546149347098,0.00033784537604631537,0.00032563315875220586,0.0003146233070219547,0.0003044240424007319,0.00029544533238212646,0.00028698941075608943,0.00027952887204198417,0.00027269122067521777,0.00026657337451224303,0.00026138308099452707,0.00025671167881501534,0.00025286220871216286,0.00024975708337125855,0.00024760836024940194,0.0002462580202202704,0.00024593297369305216,0.0002460080042593615,0.0002393573967948504,0.0018960199067535935
0.0,0.0,0.0,0.0,0.0,0.0,0.2962465920925777,0.02039227037565233,0.002270741033503477,0.00192422610469358,0.0016570389959063166,0.001448269428295936,0.0012818494065716928,0.0011434031641942082,0.00103034784573915,0.0009342223762540162,0.0008542528057325335,0.0007836088711665764,0.0007246091665089785,0.0006708933141081364,0.0006255620363774989,0.0005849535864078553,0.000548858655018629,0.0005167636896445809,0.00048799381916664027,0.00046212335014261157,0.0004388026520707943,0.0004176958301439944,0.0003985565678186164,0.00038124850923916586,0.00036536515742989153,0.00035054197566857415,0.0003378331660080449,0.0003256213652954664,0.00031461188053337225,0.0003044129589936076,0.0002954345445961194,0.0002869789002156871,0.0002795185989658084,0.0002726811648043205,0.00026656350529783725,0.0002613733608277785,0.0002567020864473435,0.0002528527079224661,0.0002497476393889484,0.00024759892714129,0.00024624855293387416,0.0002459234080649799,0.0002459982811477757,0.000239347683917384,0.0018960626776052675
0.0,0.0,0.0,0.0,0.0,0.0,0.2962394773044824,0.02039176596603595,0.0022706742461706176,0.0019241694287017825,0.0016569901194621952,0.001448226649679758,0.0012818114938965262,0.0011433692970153598,0.0010303172853305671,0.0009341946279903989,0.0008542273998392127,0.0007835855289949594,0.0007245875545991674,0.0006708732734420549,0.0006255433216811826,0.0005849360600018536,0.0005488421848823932,0.0005167481579391438,0.00048797912803022047,0.00046210941425379434,0.0004387893962740168,0.00041768318908829387,0.00039854448333752975,0.00038123692704766386,0.00036535403553793774,0.0003505312817536433,0.00033782283525710056,0.0003256113870086139,0.0003146022127333952,0.00030440358147028806,0.0002954254171938945,0.00028697000738727975,0.0002795099070527242,0.0002726726566657331,0.0002665551550868239,0.0002613651367240046,0.00025669397047266876,0.0002528446694306975,0.000249739648961154,0.00024759094591400994,0.0002462405427888025,0.00024591531471432424,0.0002459900545524145,0.00023933946598097506,0.0018960988654538663
0.0,0.0,0.0,0.0,0.0,0.0,0.2962334575769267,0.020391339191769952,0.0022706177382967926,0.0019241214758991126,0.0016569487657530537,0.0014481904552617142,0.0012817794164864387,0.001143340642445887,0.0010302914285754252,0.0009341711505537016,0.0008542059042508616,0.000783565779494088,0.0007245692690497901,0.0006708563173010941,0.0006255274874256003,0.0005849212311428981,0.000548828249719234,0.000516735016769799,0.000487966698055139,0.0004620976232836623,0.0004387781807207117,0.00041767249365923616,0.00039853425881884817,0.0003812271275095173,0.0003653446254531158,0.00035052223377448694,0.0003378140945461618,0.000325602944512854,0.0003145940329364504,0.0003043956472725611,0.00029541769462029826,0.00028696248328347014,0.00027950255294069653,0.0002726654580428621,0.00026654809008437233,0.0002613581784192112,0.0002566871036544672,0.0002528378681697522,0.0002497328883664979,0.00024758419310378667,0.0002462337655116205,0.0002459084670380045,0.00024598309413952194,0.00023933251289430684,0.00189612948351114
0.0,0.0,0.0,0.0,0.0,0.0,0.29622836436552524,0.020390978103741082,0.0022705699277364997,0.0019240809036707154,0.0016569137769298988,0.0014481598316461218,0.001281752276216506,0.001143316398195864,0.0010302695515188854,0.0009341512866068442,0.0008541877171195241,0.0007835490697041378,0.0007245537978897241,0.0006708419709358035,0.0006255140902726034,0.0005849086846426121,0.000548816459363072,0.0005167238982012405,0.0004879561812185851,0.00046208764710069494,0.0004387686913902668,0.00041766344439899723,0.00039852560798961373,0.0003812188362506599,0.00036533666370553504,0.00035051457839969274,0.00033780669914691897,0.00032559580142950634,0.00031458711211907516,0.00030438893425341725,0.0002954111606535159,0.0002869561172393339,0.0002794963307243455,0.00027265936738381783,0.00026654211247978757,0.00026135229109009535,0.00025668129373093967,0.0002528321137133471,0.00024972716831729894,0.0002475784796408929,0.0002462280313475582,0.0002459026733101685,0.0002459772050267714,0.00023932662998017728,0.0018961553890420716
0.0,0.0,0.0,0.0,0.0,0.0,0.2962240550671162,0.020390672591963598,0.0022705294758574857,0.0019240465760480198,0.0016568841733521,0.0014481339214123697,0.0012817293131951767,0.0011432958854584513,0.0010302510416323883,0.0009341344799856684,0.0008541723292296523,0.0007835349317731598,0.0007245407079470125,0.000670829832666988,0.000625502755119682,0.0005848980692156321,0.0005488064836995767,0.0005167144909282988,0.0004879472830630876,0.0004620792063850043,0.0004387606625940183,0.000417655787940296,0.0003985182886380847,0.0003812118211268434,0.0003653299273768261,0.0003505081012889223,0.00033780044199800376,0.0003255897577617142,0.0003145812565075652,0.00030438325445722604,0.0002954056323511461,0.0002869507310140808,0.00027949106618986797,0.00027265421415822777,0.0002665370549080715,0.0002613473098992525,0.00025667637803193546,0.00025282724494433723,0.00024972232865976836,0.0002475736455559474,0.00024622317974762976,0.0002458977713141233,0.0002459722223268191,0.00023932165252479564,0.0018961773073671584
0.0,0.0,0.0,0.0,0.0,0.0,0.29622040902706104,0.020390414102513053,0.0022704952500608036,0.0019240175319031373,0.001656859126158756,0.0014481119991082885,0.0012817098844883192,0.0011432785299042192,0.0010302353806636699,0.0009341202601270791,0.0008541593097407453,0.0007835229698578436,0.0007245296327206273,0.0006708195626392257,0.0006254931645975923,0.0005848890876440869,0.0005487980434234045,0.0005167065315598125,0.00048793975445209764,0.00046207206480774983,0.0004387538695363241,0.0004176493099124467,0.0003985120958321294,0.0003812058857239083,0.0003653242278587223,0.0003505026210916681,0.00033779514790754884,0.00032558464429479695,0.0003145763021525667,0.00030437844885723014,0.00029540095492805674,0.00028694617380054996,0.0002794866119372835,0.00027264985408261206,0.00026653277576392585,0.00026134309537994784,0.00025667221892440405,0.00025282312554364953,0.00024971823388991623,0.0002475695555009853,0.0002462190748734735,0.00024589362380048323,0.0002459680065306769,0.00023931744116601484,0.0018961958521704237
0.0,0.0,0.0,0.0,0.0,0.0,0.29621732416107555,0.02039019539802776,0.0022704662920695544,0.001923992958038539,0.0016568379340616834,0.0014480934509384508,0.0012816934461179167,0.0011432638456006733,0.0010302221301263825,0.0009341082288939005,0.0008541482941243853,0.0007835128490404299,0.0007245202621189216,0.0006708108733053625,0.0006254850501844402,0.0005848814884558893,0.0005487909022180203,0.000516699797244024,0.0004879333845944964,0.00046206602241424257,0.00043874812202058047,0.0004176438289392636,0.0003985068561813963,0.00038120086385844663,0.00036531940557227836,0.00035049798436967726,0.0003377906686480451,0.0003255803178584655,0.0003145721103387131,0.0003043743829030049,0.00029539699742260703,0.0002869423180028085,0.00027948284325342906,0.0002726461650806378,0.00026652915523699193,0.000261339529531232,0.00025666869995885237,0.0002528196401735302,0.00024971476935961925,0.0002475660949598942,0.0002462156017940591,0.000245890114644369,0.0002459644396016458,0.0002393138779913764,0.001896211542681755
0.0,0.0,0.0,0.0,0.0,0.0,0.29621471409700467,0.020390010355072288,0.002270441791098402,0.0019239721664186225,0.001656820003710281,0.0014480777575787062,0.001281679537831407,0.0011432514214067956,0.0010302109190230629,0.0009340980494275656,0.0008541389739579297,0.0007835042859514591,0.0007245123337774804,0.0006708035213755798,0.0006254781846874222,0.0005848750588838511,0.0005487848601391484,0.0005166940994290253,0.0004879279951427212,0.00046206091002548154,0.0004387432591239717,0.00041763919156077004,0.00039850242298261705,0.0003811966149248878,0.0003653153254998716,0.00035049406130088534,0.00033778687880616875,0.0003255766573182423,0.0003145685637007772,0.0003043709427532265,0.0002953936490298948,0.0002869390556636352,0.00027947965462015643,0.000272643043865144,0.000266526091957319,0.0002613365125140718,0.00025666572260891373,0.00025281669124823985,0.0002497118380666253,0.0002475631670421141,0.0002462126632677709,0.00024588714559406466,0.00024596142167044536,0.00023931086323671742,0.0018962248182146538
0.0,0.0,0.0,0.0,0.0,0.0,0.2962125057565174,0.02038985379268939,0.002270421061152656,0.0019239545749056113,0.0016568048330784944,0.0014480644796358022,0.0012816677702152206,0.0011432409094616406,0.0010302014334576907,0.0009340894367165218,0.0008541310882890828,0.0007834970408357997,0.0007245056257132624,0.000670797301005597,0.0006254723758817302,0.0005848696189084849,0.0005487797480165952,0.0005166892785835558,0.0004879234351992731,0.0004620565845013633,0.0004387391446918448,0.0004176352679365196,0.0003984986721121068,0.0003811930199587294,0.0003653118734048875,0.0003504907420445712,0.00033778367227137526,0.0003255735601838572,0.0003145655629376023,0.00030436803208826484,0.0002953908159993663,0.0002869362954418608,0.00027947695675996457,0.00027264040304623787,0.00026652350015713994,0.00026133395985598944,0.0002566632035127398,0.0002528141962017829,0.0002497093579386197,0.00024756068976983215,0.00024621017701977104,0.000245884633520101,0.0002459588682390056,0.00023930831249290732,0.0018962360504664283
0.0,0.0,0.0,0.0,0.0,0.0,0.29621063730900976,0.020389721327340043,0.002270403521821345,0.0019239396909604821,0.001656791997408764,0.0014480532453449548,0.0012816578137917153,0.0011432320154446916,0.0010301934078470216,0.0009340821496162879,0.0008541244163295781,0.0007834909108398255,0.0007244999501093674,0.0006707920380333072,0.0006254674611285122,0.0005848650162176993,0.0005487754227177122,0.0005166851997303385,0.00048791957709178453,0.00046205292473295163,0.0004387356635255585,0.0004176319482102396,0.0003984954985504682,0.0003811899783056885,0.0003653089526332463,0.00035048793366596146,0.00033778095926494475,0.00032557093973965704,0.00031456302403180103,0.00030436556941336316,0.00029538841900992544,0.00028693396005493834,0.0002794746741363472,0.0002726381686844936,0.0002665213072694886,0.0002613318000859454,0.0002566610721389799,0.0002528120851761684,0.00024970725953530845,0.0002475585937827106,0.0002462080734384143,0.0002458825080877399,0.00024595670781463414,0.0002393061543425034,0.0018962455539252264
0.0,0.0,0.0,0.0,0.0,0.0,0.2962090564404305,0.02038960925017022,0.0022703886820264548,0.0019239270978525175,0.0016567811373193633,0.0014480437401609247,0.0012816493897942428,0.001143224490335272,0.0010301866174846025,0.000934075984097723,0.0008541187712734019,0.0007834857243317824,0.0007244951480564177,0.0006707875851024692,0.0006254633028211976,0.000584861121942257,0.0005487717631398688,0.0005166817486668942,0.0004879163127983649,0.0004620498282515861,0.0004387327181570757,0.00041762913943399797,0.0003984928134421849,0.0003811874048035153,0.00036530648140721734,0.0003504855575341813,0.00033777866382629667,0.00032556872261668024,0.00031456087589737847,0.00030436348577689076,0.0002953863909490478,0.00028693198411513214,0.00027947274283887126,0.00027263627822074666,0.0002665194518964198,0.00026132997273324354,0.0002566592688119964,0.00025281029906548013,0.000249705484104183,0.00024755682039589126,0.00024620629362621325,0.0002458807097876946,0.0002459548799083146,0.00023930432836015767,0.0018962535946752859
0.0,0.0,0.0,0.0,0.0,0.0,0.2962077188885566,0.02038951442316785,0.002270376126273422,0.0019239164429914006,0.001656771948742199,0.0014480356979511692,0.0012816422623620513,0.001143218123440303,0.0010301808722492957,0.0009340707675344886,0.0008541139950664703,0.0007834813360963258,0.000724491085103301,0.0006707838175369268,0.0006254597845326989,0.0005848578270476127,0.0005487686668197411,0.0005166788287680254,0.00048791355092312925,0.000462047208359897,0.00043873022611998577,0.00041762676296578657,0.0003984905416077879,0.00038118522739756305,0.0003653043905357499,0.00035048354712069246,0.0003377767216861936,0.00032556684673842504,0.0003145590583894216,0.0003043617228397912,0.0002953846750337195,0.000286930312298749,0.0002794711087937702,0.00027263467872452,0.0002665178820899493,0.0002613284266344327,0.0002566577430410262,0.00025280878786098845,0.0002497039819355273,0.0002475553199568956,0.0002462047877507877,0.00024587918826995026,0.00024595333334109527,0.0002393027834207869,0.001896260397846941
0.0,0.0,0.0,0.0,0.0,0.0,0.2962065872037103,0.020389434191302673,0.002270365503017815,0.0019239074280551563,0.001656764174409301,0.0014480288935444841,0.0012816362319364926,0.0011432127364951715,0.0010301760112821341,0.0009340663538697352,0.0008541099539813254,0.0007834776232686847,0.0007244876474927208,0.0006707806298498428,0.0006254568077556059,0.0005848550392810878,0.0005487660470644733,0.000516676358280437,0.00048791121413723507,0.00046204499170439243,0.0004387281176405568,0.0004176247522676483,0.00039848861943892817,0.000381183385123354,0.00036530262147721737,0.00035048184613658553,0.0003377750784672899,0.0003255652595827892,0.00031455752062011855,0.0003043602312421645,0.00029538322322058825,0.0002869288977971484,0.00027946972624994854,0.0002726333254120418,0.0002665165538975785,0.0002613271185007975,0.00025665645210650644,0.0002528075092509721,0.0002497027109706115,0.00024755405045542254,0.00024620351364962355,0.00024587790093402815,0.0002459520248111458,0.00023930147626813843,0.0018962661539199722
0.0,0.0,0.0,0.0,0.0,0.0,0.29620562970021724,0.02038936630818892,0.002270356514822573,0.0019238998006375321,0.0016567575966496613,0.0014480231364265113,0.0012816311296736536,0.001143208178672561,0.0010301718984824862,0.0009340626195267041,0.0008541065348729457,0.0007834744818946116,0.0007244847389761405,0.0006707779327902085,0.0006254542891441087,0.0005848526805889184,0.0005487638305243925,0.000516674268033755,0.0004879092370137772,0.0004620431162216593,0.00043872633368416246,0.0004176230510427027,0.00039848699311742736,0.0003811818263996544,0.0003653011247003279,0.00035048040695656157,0.00033777368816163573,0.00032556391671152056,0.00031455621953396887,0.0003043589692212562,0.0002953819948608117,0.0002869277010061619,0.0002794685564980138,0.0002726321803923577,0.00026651543013168336,0.0002613260117063314,0.0002566553598639834,0.00025280642743604744,0.00024970163562410474,0.00024755297634711487,0.0002462024356495787,0.0002458768117362305,0.00024595091768136345,0.0002393003703036723,0.001896271024056788
0.0,0.0,0.0,0.0,0.0,0.0,0.29620481956925,0.02038930887318946,0.002270348910030151,0.0019238933471809505,0.0016567520312947377,0.0014480182654055828,0.0012816268127169444,0.001143204322359485,0.0010301684186974195,0.0009340594599487459,0.0008541036420108309,0.0007834718240197998,0.0007244822781189562,0.0006707756508439326,0.0006254521581804277,0.000584850684930853,0.0005487619551393178,0.0005166724995038447,0.00048790756419592277,0.0004620415294006693,0.00043872482430238984,0.00041762161165890855,0.00039848561710844124,0.00038118050758426884,0.00036529985829731384,0.0003504791892854897,0.0003377725118425179,0.00032556278052600494,0.0003145551187022867,0.000304357901442155,0.0002953809555619465,0.0002869266884172296,0.0002794675667864636,0.00027263121160643573,0.00026651447932830933,0.000261325075262258,0.0002566544357321152,0.0002528055121268316,0.0002497007257877314,0.0002475520675583652,0.0002462015235680819,0.0002458758901804643,0.00024594998095358336,0.00023929943456185064,0.0018962751446147577
0.0,0.0,0.0,0.0,0.0,0.0,0.29620413412821606,0.02038926027820049,0.0022703424757164565,0.00192388788699719,0.0016567473225219767,0.0014480141440995772,0.001281623160197303,0.0011432010595842953,0.0010301654744975688,0.0009340567866718688,0.0008541011943986814,0.0007834695752272802,0.0007244801960204304,0.0006707737201195464,0.0006254503552004062,0.0005848489964311123,0.0005487603684009561,0.0005166710031742154,0.00048790614884698994,0.00046204018681254036,0.00043872354723455234,0.0004176203938154293,0.0003984844528855441,0.0003811793917521159,0.00036529878681057146,0.00035047815903019487,0.0003377715165745615,0.00032556181921455544,0.0003145541873032453,0.0003043569980084626,0.0002953800762250032,0.0002869258316792052,0.00027946672940468766,0.0002726303919295555,0.0002665136748662238,0.00026132428294938545,0.0002566536538364357,0.00025280473769588097,0.00024969995598727977,0.00024755129864429434,0.0002462007518680614,0.0002458751104643902,0.0002459491884006704,0.0002392986428431441,0.001896278630964038
0.0,0.0,0.0,0.0,0.0,0.0,0.2962035541856761,0.02038921916262682,0.0022703370317292367,0.0019238832672083502,0.0016567433384919855,0.0014480106571173957,0.0012816200698490257,0.0011431982989936126,0.0010301629834492414,0.0009340545248478668,0.0008540991235066037,0.0007834676725538466,0.0007244784343845673,0.0006707720865593283,0.000625448829722996,0.0005848475678139455,0.000548759025882737,0.0005166697371496228,0.00048790495133908715,0.0004620390508665851,0.00043872246672444436,0.00041761936341426297,0.0003984834678520389,0.00038117844766137577,0.00036529788023989323,0.000350477287344896,0.00033777067449158426,0.0003255610058617267,0.0003145533992589072,0.00030435623362523443,0.00029537933222971327,0.0002869251068045603,0.00027946602090710707,0.0002726296984118516,0.0002665129942215552,0.00026132361258400456,0.00025665299228490334,0.0002528040824601562,0.0002496993046693588,0.0002475506480763281,0.0002462000989429403,0.00024587445075699297,0.00024594851783219467,0.00023929797298047914,0.0018962815807177832
0.0,0.0,0.0,0.0,0.0,0.0,0.2962030635040083,0.020389184375286917,0.002270332425644077,0.0019238793584664736,0.0016567399676572121,0.00144800770682816,0.00128161745514646,0.0011431959632945612,0.0010301608758063925,0.0009340526111486685,0.0008540973713523663,0.000783466062727167,0.0007244769438878991,0.0006707707044257605,0.0006254475390368538,0.0005848463590799663,0.0005487578899959319,0.0005166686659830574,0.0004879039381435817,0.00046203808975782456,0.00043872155251921673,0.0004176184916055441,0.0003984826344282944,0.0003811776488787604,0.00036529711320250287,0.00035047654982356093,0.00033776996201637967,0.000325560317694719,0.0003145527325050765,0.0003043555868907538,0.0002953787027451965,0.00028692449349776656,0.00027946542145672993,0.0002726291116357486,0.00026651241833715604,0.000261323045396774,0.00025665243255495253,0.0002528035280739263,0.00024969875359793066,0.00024755009763942684,0.00024619954651168146,0.0002458738925873406,0.0002459479504731281,0.0002392974062185897,0.001896284076465185
0.0,0.0,0.0,0.0,0.0,0.0,0.29620264834477694,0.020389154942181412,0.0022703285284966976,0.00192387605133197,0.0016567371156387541,0.001448005210627687,0.0012816152428814051,0.0011431939870906673,0.001030159092557817,0.0009340509919932359,0.0008540958888779762,0.0007834647006742289,0.0007244756827984967,0.0006707695350209355,0.0006254464470044796,0.0005848453363862265,0.0005487569289372175,0.0005166677596832763,0.0004879030808923435,0.00046203727657648865,0.00043872077902233576,0.0004176177539797855,0.00039848192927955197,0.00038117697303941597,0.0003652964642223714,0.0003504759258165712,0.00033776935920058754,0.00032555973544576885,0.00031455216837353057,0.00030435503969731376,0.0002953781701467213,0.0002869239745870477,0.00027946491426974026,0.0002726286151722942,0.00026651193108902737,0.0002613225655072037,0.0002566519589748877,0.00025280305901511263,0.0002496982873437265,0.0002475496319220873,0.0002461990791069429,0.00024587342032742344,0.0002459474704381697,0.00023929692668889514,0.0018962861880838593
0.0,0.0,0.0,0.0,0.0,0.0,0.29620229708407425,0.02038913003922241,0.002270325231172146,0.0019238732532094625,0.0016567347025838782,0.001448003098625673,0.001281613371113372,0.0011431923150508427,0.00103015758377492,0.0009340496220473655,0.0008540946345761167,0.000783463548259358,0.0007244746158075305,0.0006707685456030705,0.0006254455230504151,0.0005848444710986586,0.0005487561157982247,0.0005166669928750889,0.0004879023555834754,0.00046203658855457815,0.0004387201245769149,0.00041761712988444376,0.00039848133266258184,0.00038117640122073773,0.0003652959151289156,0.00035047539785255856,0.00033776884916616545,0.0003255592428126779,0.00031455169106933445,0.0003043545767242236,0.00029537771952223665,0.0002869235355435916,0.0002794644851455759,0.00027262819512117,0.00026651151883486774,0.0002613221594790227,0.0002566515582850951,0.0002528026621506905,0.0002496978928522472,0.00024754923788484204,0.0002461986836420114,0.0002458730207545901,0.0002459470642869777,0.00023929652096519994,0.001896287974696328
